id,budget,revenue
19995,237000000,2.788e+09
285,300000000,9.610e+08
206647,245000000,8.807e+08
49026,250000000,1.085e+09
49529,260000000,2.841e+08
559,258000000,8.909e+08
38757,260000000,5.918e+08
99861,280000000,1.405e+09
767,250000000,9.340e+08
209112,250000000,8.733e+08
1452,270000000,3.911e+08
10764,200000000,5.861e+08
58,200000000,1.066e+09
57201,255000000,8.929e+07
49521,225000000,6.628e+08
2454,225000000,4.197e+08
24428,220000000,1.520e+09
1865,380000000,1.046e+09
41154,225000000,6.240e+08
122917,250000000,9.560e+08
1930,215000000,7.522e+08
20662,200000000,3.107e+08
57158,250000000,9.584e+08
2268,180000000,3.722e+08
254,207000000,5.500e+08
597,200000000,1.845e+09
271110,250000000,1.153e+09
44833,209000000,3.030e+08
135397,150000000,1.514e+09
37724,200000000,1.109e+09
558,200000000,7.838e+08
68721,200000000,1.215e+09
12155,200000000,1.025e+09
36668,210000000,4.594e+08
62211,200000000,7.436e+08
8373,150000000,8.363e+08
91314,210000000,1.091e+09
68728,200000000,4.919e+08
102382,200000000,7.057e+08
20526,170000000,4.001e+08
49013,200000000,5.599e+08
44912,200000000,2.199e+08
10193,200000000,1.067e+09
534,200000000,3.714e+08
168259,190000000,1.506e+09
72190,200000000,5.319e+08
127585,250000000,7.479e+08
54138,190000000,4.674e+08
81005,195000000,1.977e+08
64682,105000000,3.510e+08
9543,150000000,3.352e+08
68726,180000000,4.076e+08
38356,195000000,1.124e+09
217,185000000,7.866e+08
105864,175000000,3.319e+08
62177,185000000,5.390e+08
188927,185000000,3.435e+08
10681,180000000,5.213e+08
5174,140000000,2.580e+08
14161,200000000,7.697e+08
17979,200000000,3.252e+08
76757,176000003,1.840e+08
258489,180000000,3.567e+08
411,180000000,7.488e+08
246655,178000000,5.439e+08
155,185000000,1.005e+09
14160,175000000,7.351e+08
15512,175000000,3.815e+08
1726,140000000,5.852e+08
44826,170000000,1.858e+08
8487,170000000,2.221e+08
1735,145000000,4.011e+08
297761,175000000,7.450e+08
2698,175000000,1.730e+08
137113,178000000,3.705e+08
9804,175000000,2.642e+08
14869,175000000,3.025e+08
150540,175000000,8.576e+08
278927,175000000,9.666e+08
10138,200000000,6.239e+08
58595,170000000,3.966e+08
102651,180000000,7.585e+08
119450,170000000,7.106e+08
64686,175000000,1.510e+08
100402,170000000,7.148e+08
10192,165000000,7.526e+08
158852,190000000,2.092e+08
177572,165000000,6.521e+08
82690,165000000,4.712e+08
5255,165000000,3.059e+08
47933,165000000,3.897e+08
10191,165000000,4.949e+08
296,200000000,4.350e+08
118340,170000000,7.733e+08
157336,165000000,6.751e+08
27205,160000000,8.255e+08
315011,15000000,7.700e+07
49051,250000000,1.021e+09
9799,38000000,2.073e+08
4922,150000000,3.339e+08
49538,160000000,3.536e+08
131634,160000000,6.534e+08
27022,150000000,2.153e+08
503,160000000,1.817e+08
241259,170000000,2.994e+08
810,160000000,7.990e+08
68735,160000000,4.337e+08
87101,155000000,4.406e+08
10140,155000000,4.157e+08
676,140000000,4.492e+08
1858,150000000,7.097e+08
1966,155000000,1.673e+08
675,150000000,9.382e+08
674,150000000,8.959e+08
8960,150000000,6.240e+08
6479,150000000,5.853e+08
118,150000000,4.750e+08
2062,150000000,6.237e+08
272,150000000,3.742e+08
10527,150000000,6.039e+08
18360,150000000,4.131e+08
2080,150000000,3.731e+08
605,150000000,4.250e+08
109445,150000000,1.274e+09
604,150000000,7.386e+08
76338,170000000,6.446e+08
76341,150000000,3.789e+08
13448,150000000,3.566e+08
10195,150000000,4.493e+08
13053,150000000,3.100e+08
19585,150000000,2.928e+08
57165,150000000,3.010e+08
62213,150000000,2.455e+08
177677,150000000,6.823e+08
5559,150000000,2.876e+08
49444,150000000,6.657e+08
10196,150000000,3.185e+08
956,150000000,3.979e+08
117251,150000000,2.054e+08
50321,150000000,3.899e+07
11619,149000000,6.446e+07
266647,150000000,1.284e+08
82703,145000000,2.729e+08
652,175000000,4.974e+08
80321,145000000,7.469e+08
36669,140000000,4.320e+08
43074,144000000,2.291e+08
95,140000000,5.538e+08
608,140000000,4.418e+08
2310,70000000,1.957e+08
140300,145000000,5.212e+08
56292,145000000,6.947e+08
81188,145000000,3.069e+08
7552,100000000,2.020e+08
616,140000000,4.568e+08
147441,140000000,2.680e+08
13475,150000000,3.857e+08
557,139000000,8.217e+08
82702,145000000,6.091e+08
205584,140000000,1.507e+08
10048,135000000,7.693e+07
13183,130000000,1.853e+08
944,140000000,2.854e+08
1927,137000000,2.454e+08
72559,130000000,3.719e+08
7364,130000000,1.193e+08
2114,137000000,8.513e+07
1771,140000000,3.706e+08
36643,135000000,3.618e+08
8619,150000000,2.120e+08
50620,120000000,8.290e+08
65759,130000000,1.504e+08
1724,150000000,1.637e+08
267935,140000000,1.833e+08
281957,135000000,5.330e+08
77950,135000000,2.826e+08
44896,135000000,2.457e+08
270946,132000000,3.736e+08
2503,70000000,4.428e+08
9502,130000000,6.317e+08
102899,130000000,5.193e+08
101299,130000000,8.474e+08
228161,135000000,3.689e+08
74,132000000,5.917e+08
8961,130000000,2.733e+08
417859,130000000,5.550e+08
27576,110000000,2.933e+08
86834,125000000,3.626e+08
17578,130000000,3.719e+08
673,130000000,7.898e+08
6972,130000000,4.955e+07
82700,130000000,2.438e+08
10567,127500000,3.542e+08
181533,127000000,3.494e+08
38055,130000000,3.219e+08
671,125000000,9.765e+08
49524,130000000,6.165e+07
22,140000000,6.550e+08
131631,125000000,7.521e+08
591,125000000,7.678e+08
172385,103000000,5.002e+08
36658,110000000,4.077e+08
51497,125000000,6.261e+08
58574,125000000,3.346e+08
18823,125000000,2.327e+08
861,65000000,2.613e+08
1911,160000000,6.170e+07
49040,130000000,2.766e+08
415,125000000,2.382e+08
8871,123000000,3.451e+08
435,125000000,5.443e+08
955,125000000,5.464e+08
2133,120000000,3.258e+08
1979,130000000,2.890e+08
87827,120000000,6.090e+08
1250,110000000,2.287e+08
324668,120000000,4.155e+08
9471,120000000,2.592e+08
70981,130000000,4.032e+08
10996,120000000,1.700e+08
68724,115000000,2.861e+08
2789,105000000,1.158e+08
97020,120000000,2.427e+08
7459,120000000,9.395e+07
42888,120000000,4.867e+07
37834,117000000,2.619e+08
75612,120000000,2.862e+08
1895,113000000,8.500e+08
1894,120000000,6.494e+08
585,115000000,5.628e+08
76170,120000000,4.154e+08
1893,115000000,9.243e+08
49519,135000000,5.852e+08
2395,97250400,1.329e+08
12100,115000000,7.763e+07
290595,115000000,1.646e+08
98566,125000000,4.772e+08
49047,105000000,7.164e+08
9619,116000000,1.781e+08
308531,135000000,2.456e+08
166424,120000000,1.680e+08
1593,110000000,5.745e+08
254128,110000000,4.705e+08
714,110000000,3.330e+08
2024,110000000,2.153e+08
163,110000000,3.627e+08
787,110000000,4.782e+08
262500,110000000,2.952e+08
2567,116000000,1.020e+08
38745,112000000,2.374e+08
40805,120000000,2.278e+08
53182,110000000,3.376e+08
41513,110000000,5.637e+08
13700,110000000,1.040e+08
262504,110000000,1.792e+08
39254,110000000,2.993e+08
77931,105000000,3.474e+08
1639,160000000,1.645e+08
80274,110000000,1.255e+08
1571,110000000,3.835e+08
120,93000000,8.714e+08
10204,110000000,7.218e+07
8489,107000000,8.771e+07
2048,120000000,3.472e+08
1495,130000000,2.116e+08
10137,133000000,3.001e+08
10198,105000000,2.670e+08
286217,108000000,6.302e+08
1635,126000000,1.629e+08
24113,90000000,1.037e+07
9679,90000000,2.372e+08
98,103000000,4.576e+08
180,102000000,3.584e+08
672,100000000,8.767e+08
36557,150000000,5.990e+08
869,100000000,3.622e+08
280,100000000,5.200e+08
11322,80000000,2.141e+08
4982,100000000,2.665e+08
36955,115000000,3.789e+08
18487,100000000,1.502e+08
39451,100000000,3.107e+08
27581,100000000,1.704e+08
9268,100000000,2.423e+08
68718,100000000,4.254e+08
10545,100000000,1.001e+08
11688,100000000,1.693e+08
76163,100000000,3.126e+08
2059,100000000,3.475e+08
2486,100000000,2.493e+08
16523,100000000,1.001e+08
116711,100000000,2.684e+08
37710,100000000,2.787e+08
9946,100000000,2.120e+08
1372,100000000,1.709e+08
106646,100000000,3.920e+08
414,100000000,3.365e+08
563,105000000,1.212e+08
83542,102000000,1.305e+08
41216,80000000,1.401e+08
314,100000000,8.210e+07
184315,100000000,2.434e+08
9016,140000000,1.096e+08
18162,100000000,6.869e+07
138103,90000000,2.062e+08
257088,105000000,1.337e+08
205775,100000000,9.382e+07
11692,100000000,7.104e+06
22972,100000000,9.488e+07
227973,99000000,2.462e+08
29193,10000000,1.384e+07
1734,98000000,4.330e+08
3131,100000000,1.938e+08
76758,94000000,9.531e+07
9408,85000000,1.490e+08
9890,90000000,1.020e+08
855,92000000,1.730e+08
18,90000000,2.639e+08
37786,100000000,2.883e+08
10501,95000000,7.643e+07
57800,95000000,8.772e+08
150689,95000000,5.435e+08
7980,65000000,9.353e+07
12,94000000,9.403e+08
122,94000000,1.119e+09
121,79000000,9.263e+08
68737,95000000,1.142e+08
1995,115000000,2.747e+08
157353,100000000,1.030e+08
331,93000000,3.688e+08
61791,93000000,4.829e+08
8204,90000000,1.628e+08
47964,92000000,3.047e+08
10733,145000000,2.582e+07
9806,92000000,6.314e+08
1408,98000000,1.002e+07
32657,95000000,2.265e+08
607,90000000,5.894e+08
863,90000000,4.974e+08
44048,100000000,1.678e+08
5175,90000000,3.473e+08
2655,100000000,1.555e+08
22794,100000000,2.430e+08
8355,90000000,8.867e+08
116745,90000000,1.881e+08
4327,92000000,2.641e+08
1422,90000000,2.898e+08
10674,90000000,3.043e+08
7446,92000000,1.881e+08
65754,90000000,2.326e+08
1572,90000000,3.661e+08
10528,90000000,5.240e+08
271969,100000000,9.406e+07
10865,120000000,1.861e+08
2253,75000000,2.003e+08
10661,90000000,2.016e+08
257344,88000000,2.436e+08
644,100000000,2.359e+08
10756,90000000,1.823e+08
686,90000000,1.711e+08
9383,95000000,1.902e+08
179,80000000,1.629e+08
76285,90000000,1.746e+08
1996,95000000,1.565e+08
291805,90000000,3.349e+08
10003,68000000,1.181e+08
1535,92000000,1.430e+08
2067,90000000,6.087e+07
46195,90000000,4.846e+08
2277,100000000,9.370e+07
4477,90000000,1.408e+08
8665,100000000,3.517e+07
9387,20000000,7.911e+07
921,88000000,1.085e+08
49852,90000000,1.618e+07
4464,87000000,1.483e+08
664,92000000,4.945e+08
8358,90000000,4.296e+08
9836,100000000,3.843e+08
2502,75000000,2.885e+08
9772,85000000,3.152e+08
161,85000000,4.507e+08
52451,75000000,1.323e+08
76492,85000000,3.584e+08
4523,85000000,3.405e+08
59961,85000000,2.081e+08
10481,85000000,1.836e+08
59108,75000000,1.529e+08
1581,85000000,1.942e+08
9798,90000000,2.506e+08
22897,85000000,2.191e+08
298,85000000,3.113e+08
7484,85000000,1.973e+08
157350,85000000,2.887e+08
853,68000000,9.698e+07
10159,85000000,8.092e+07
9593,85000000,1.373e+08
1904,85000000,1.622e+08
9615,85000000,1.585e+08
297,90000000,1.429e+08
9884,85000000,7.838e+07
62764,85000000,1.830e+08
22538,60000000,4.766e+07
9341,60000000,7.421e+07
12107,84000000,1.233e+08
9637,84000000,2.757e+08
49049,50000000,4.104e+07
9339,82500000,2.377e+08
16281,8000000,2.103e+07
39691,85000000,1.125e+08
8247,85000000,2.222e+08
11253,85000000,1.604e+08
1949,65000000,8.479e+07
8452,82000000,9.609e+07
310,80000000,4.846e+08
27578,80000000,2.745e+08
954,80000000,4.577e+08
70160,75000000,6.912e+08
45243,80000000,2.545e+08
364,80000000,2.800e+08
7518,80000000,3.434e+08
11544,80000000,1.458e+08
9986,85000000,1.440e+08
8656,75000000,1.405e+08
9291,82000000,1.903e+08
55301,75000000,3.427e+08
109418,80000000,2.470e+08
11665,80000000,2.307e+08
6964,80000000,2.667e+08
11324,80000000,2.948e+08
12193,80000000,1.637e+08
9928,75000000,2.607e+08
754,80000000,2.457e+08
10202,80000000,2.129e+08
4147,80000000,1.810e+08
50546,80000000,2.149e+08
1701,75000000,2.240e+08
13027,80000000,1.781e+08
2289,79000000,1.730e+08
20504,80000000,1.571e+08
9574,80000000,1.780e+08
11618,80000000,9.119e+07
2300,80000000,2.502e+08
10200,80000000,2.331e+08
8834,75000000,1.370e+08
228150,68000000,2.118e+08
6068,70000000,1.640e+08
41515,80000000,2.016e+08
9023,80000000,1.226e+08
38317,80000000,1.699e+08
2157,80000000,1.362e+08
14462,80000000,9.611e+07
159824,80000000,4.732e+08
49948,80000000,9.087e+07
2135,80000000,1.237e+08
9705,102000000,1.471e+08
1656,75000000,1.424e+08
12159,85000000,7.149e+07
4442,88000000,1.053e+08
75,70000000,1.014e+08
19959,80000000,1.224e+08
11973,80000000,3.457e+07
11228,80000000,1.592e+08
77951,80000000,1.265e+08
5491,44000000,2.140e+07
10715,80000000,6.851e+07
10197,80000000,5.383e+07
9562,80000000,1.948e+07
9922,80000000,1.763e+07
9447,90000000,6.913e+07
274854,90000000,1.469e+08
8870,80000000,3.346e+07
9992,86000000,1.079e+08
10077,80000000,5.990e+06
76649,130000000,1.178e+08
453,60000000,3.135e+08
8587,45000000,7.882e+08
72545,79000000,3.557e+08
109451,78000000,2.484e+08
9533,78000000,2.092e+08
2023,100000000,1.081e+08
71880,79000000,1.497e+08
584,76000000,2.364e+08
309809,64000000,9.757e+07
4858,80000000,1.507e+07
17711,76000000,3.513e+07
328111,75000000,8.760e+08
8698,78000000,1.793e+08
93456,76000000,9.708e+08
602,75000000,8.170e+08
330,73000000,2.291e+08
953,75000000,5.327e+08
9693,76000000,6.996e+07
36657,75000000,2.963e+08
8909,75000000,2.583e+08
9802,75000000,3.351e+08
950,80000000,6.609e+08
1824,75000000,1.965e+08
2976,50000000,9.045e+07
11026,80000000,7.800e+07
75656,75000000,1.177e+08
38365,80000000,2.714e+08
594,60000000,2.194e+08
15189,35000000,7.303e+07
11678,75000000,2.157e+08
6538,75000000,1.190e+08
10555,75000000,3.673e+08
1125,70000000,1.549e+08
4551,53000000,9.523e+07
612,70000000,1.304e+08
9567,70000000,8.563e+07
37821,75000000,9.816e+07
203801,75000000,1.081e+08
2539,80000000,5.504e+07
9297,75000000,1.402e+08
3172,75000000,6.763e+07
6520,55000000,1.276e+08
37958,75000000,2.269e+08
2026,52000000,7.794e+07
7450,75000000,3.675e+07
11375,75000000,5.114e+07
9425,75000000,1.457e+07
23685,75000000,5.410e+06
11866,45000000,2.101e+07
9741,75000000,2.481e+08
211672,74000000,1.157e+09
23629,82000000,8.979e+07
8688,73000000,1.039e+08
10153,75000000,1.310e+07
153518,73000000,3.498e+08
8676,70000000,1.112e+08
20829,75000000,6.146e+07
4349,70000000,8.666e+07
9718,72500000,1.630e+08
10808,70000000,1.761e+08
197,72000000,2.100e+08
25,72000000,9.689e+07
35,75000000,5.271e+08
11086,72000000,3.732e+07
10477,94000000,5.474e+07
1997,74500000,6.217e+07
6947,60000000,2.567e+08
3050,71000000,2.945e+08
2675,72000000,4.082e+08
809,150000000,9.198e+08
920,120000000,4.620e+08
4806,70000000,3.095e+08
7451,70000000,2.774e+08
228165,74000000,3.116e+08
3595,80000000,3.095e+08
16869,70000000,3.191e+08
879,70000000,3.009e+08
1573,70000000,2.400e+08
9257,80000000,1.166e+08
1903,68000000,2.034e+08
9697,75000000,4.229e+07
395,70000000,1.712e+08
23398,75000000,4.431e+08
10590,75000000,1.147e+08
117263,70000000,1.610e+08
200,70000000,1.180e+08
44943,70000000,2.025e+08
587,70000000,1.229e+08
57212,66000000,1.776e+08
152760,70000000,1.550e+08
2756,70000000,9.000e+07
33909,70000000,1.347e+08
49017,70000000,2.155e+08
9882,70000000,1.167e+08
2270,70000000,1.356e+08
978,70000000,1.315e+08
44564,70000000,6.711e+07
3132,70000000,6.598e+07
8814,60000000,5.599e+07
8427,70000000,3.356e+07
52520,70000000,1.601e+08
80585,75000000,5.942e+07
10592,70000000,3.229e+07
49021,66000000,5.778e+07
10550,70000000,1.992e+07
11258,70000000,1.987e+07
12610,75000000,1.360e+07
59981,70000000,1.866e+07
201088,70000000,1.775e+07
5137,70000000,5.796e+07
3093,70000000,3.863e+07
107846,50000000,1.229e+08
188207,70000000,6.128e+07
4614,68000000,1.930e+08
24021,68000000,6.985e+08
11371,68000000,7.107e+07
20352,69000000,5.435e+08
11517,60000000,3.543e+07
214756,68000000,2.170e+08
26428,70000000,3.904e+07
9824,68000000,2.976e+07
48988,36000000,8.316e+07
9008,90000000,6.029e+07
300673,80000000,5.210e+07
12113,70000000,1.133e+08
38778,69000000,8.639e+07
72331,69000000,1.123e+08
1844,66000000,2.124e+08
846,66000000,1.892e+08
9703,67000000,2.530e+07
857,70000000,4.818e+08
136797,66000000,2.033e+08
3981,70000000,3.741e+08
425,59000000,3.833e+08
6171,68000000,7.572e+07
72976,65000000,2.753e+08
603,63000000,4.635e+08
568,52000000,3.552e+08
9021,65000000,1.729e+08
82695,61000000,4.418e+08
9489,65000000,2.508e+08
12133,65000000,1.281e+08
9342,95000000,2.503e+08
41733,65000000,2.118e+08
227306,65000000,1.634e+08
5551,65000000,1.289e+08
9350,70000000,2.550e+08
9208,50000000,1.503e+08
4244,65000000,6.970e+07
1852,63000000,1.629e+08
76493,65000000,1.794e+08
345,65000000,1.621e+08
196867,65000000,1.338e+08
256591,50100000,1.540e+08
59962,65000000,1.570e+08
36648,65000000,1.289e+08
1880,4200000,3.838e+07
71679,65000000,2.402e+08
10483,45000000,7.376e+07
11412,65000000,8.946e+07
6795,65000000,6.432e+07
550,63000000,1.009e+08
11170,65000000,4.355e+07
9292,65000000,1.722e+07
100241,65000000,7.115e+07
257,50000000,4.209e+07
9947,43000000,5.668e+07
189,65000000,3.941e+07
12618,64000000,7.461e+07
253412,55000000,2.034e+08
1427,50000000,1.322e+08
818,63000000,2.967e+08
16577,65000000,4.409e+07
329,63000000,9.201e+08
12160,63000000,2.505e+07
9331,62000000,2.159e+08
300168,65000000,1.215e+08
9072,64000000,1.016e+08
3536,62000000,1.277e+08
9087,62000000,1.079e+08
12177,62000000,4.182e+07
12138,62000000,1.872e+07
273248,44000000,1.558e+08
50359,63000000,1.840e+08
1271,65000000,4.226e+08
693,80000000,5.166e+08
14306,60000000,2.441e+08
497,60000000,2.846e+08
9982,150000000,3.144e+08
210577,61000000,3.693e+08
2501,60000000,2.140e+08
710,58000000,3.522e+08
2275,60000000,1.497e+08
37165,60000000,2.641e+08
9837,70000000,2.186e+08
10708,60000000,1.644e+08
136400,61000000,1.319e+08
10992,60000000,9.338e+07
9654,60000000,1.761e+08
2642,60000000,9.335e+07
8916,60000000,1.718e+08
19899,70000000,1.718e+08
2119,60000000,1.579e+08
9641,60000000,1.292e+08
294254,61000000,3.113e+08
38167,60000000,2.046e+08
39514,58000000,7.166e+07
9563,55000000,1.002e+08
547,60000000,1.869e+08
1538,65000000,2.178e+08
9334,60000000,1.653e+08
11128,60000000,7.454e+07
75780,60000000,2.183e+08
8914,60000000,7.365e+07
39538,60000000,1.376e+08
14836,60000000,1.246e+08
8645,60000000,1.634e+08
9509,70000000,1.303e+08
10067,50000000,6.111e+07
9384,60000000,1.703e+08
9279,60000000,1.298e+08
1487,66000000,9.932e+07
9422,70000000,5.670e+07
77174,60000000,1.071e+08
4824,60000000,1.593e+08
9620,60000000,9.627e+07
10199,60000000,5.088e+07
3512,60000000,1.043e+08
137094,60000000,5.055e+07
274479,60000000,1.011e+08
267860,60000000,2.058e+08
8078,70000000,1.620e+08
7485,61000000,9.570e+07
170687,60000000,1.083e+08
6435,75000000,4.668e+07
137106,60000000,4.692e+08
6278,60000000,4.306e+07
82682,60000000,1.052e+08
17610,60000000,6.236e+07
22954,60000000,1.222e+08
16995,60000000,8.778e+07
16558,78146652,6.000e+07
9849,65000000,3.685e+07
5820,60000000,7.792e+07
16866,70000000,1.049e+08
201,60000000,6.731e+07
11775,60000000,1.199e+08
12201,80000000,7.490e+07
11015,60000000,3.396e+07
9932,60000000,5.500e+07
13389,60000000,7.317e+07
17332,60000000,3.172e+07
4958,80000000,3.946e+07
786,60000000,4.738e+07
11679,60000000,7.107e+07
38321,60000000,7.831e+07
14411,60000000,2.629e+07
8413,60000000,2.667e+07
10052,60000000,5.232e+07
9676,50000000,4.911e+07
9664,60000000,1.780e+07
2100,72000000,2.764e+07
10384,90000000,1.483e+07
137321,60000000,3.080e+07
123553,60000000,9.057e+07
11260,60000000,5.065e+07
9009,30000000,2.547e+07
2309,60000000,5.749e+07
8285,60000000,3.903e+07
210860,60000000,3.042e+07
381902,68490000,1.937e+08
13922,80000000,1.017e+07
293660,58000000,7.831e+08
190859,58800000,5.423e+08
257445,58000000,1.582e+08
9007,58000000,1.029e+08
889,83000000,5.947e+07
1370,63000000,1.890e+08
4942,58000000,4.130e+07
24438,58000000,8.528e+07
116741,58000000,4.400e+07
35791,60000000,3.002e+08
72431,58000000,5.037e+07
1813,57000000,1.529e+08
87428,70000000,5.806e+07
8840,57000000,1.153e+08
10589,60000000,6.135e+07
71676,57000000,1.492e+08
1722,57000000,6.211e+07
10022,56000000,1.130e+08
11358,56000000,5.722e+07
13,55000000,6.779e+08
6477,60000000,3.614e+08
1597,55000000,3.304e+08
10530,55000000,3.461e+08
1924,55000000,3.002e+08
9327,54000000,1.288e+08
8488,70000000,3.681e+08
8273,55000000,2.314e+08
109424,55000000,9.500e+07
35056,55000000,1.523e+08
8839,50000000,2.879e+08
156022,55000000,1.923e+08
7303,55000000,1.549e+08
8963,53000000,1.574e+08
1402,55000000,3.071e+08
9315,55000000,2.234e+08
8984,55000000,2.140e+08
795,55000000,1.987e+08
24,30000000,1.809e+08
393,30000000,1.522e+08
9618,55000000,6.341e+07
9374,55000000,1.490e+08
8584,55000000,5.693e+07
2320,55000000,1.220e+08
58224,55000000,1.874e+08
1729,55000000,1.279e+08
175574,55000000,1.100e+08
8077,50000000,1.598e+08
8818,55000000,1.410e+08
8195,55000000,4.161e+07
10586,50000000,7.500e+07
116149,55000000,2.592e+08
80035,68000000,6.827e+07
10632,55000000,3.423e+07
1792,55000000,3.383e+07
72197,60000000,1.183e+08
3580,55000000,1.130e+08
12123,50000000,6.021e+07
9566,55000000,1.863e+07
9833,70000000,1.546e+08
4517,55000000,7.424e+07
8202,62000000,5.230e+07
16072,56000000,1.292e+07
34314,55000000,1.147e+07
145220,50000000,8.038e+07
14623,57000000,2.828e+07
42297,55000000,8.952e+07
802,2000000,9.250e+06
10375,55000000,6.416e+06
36586,54000000,1.550e+08
11321,55000000,1.682e+08
70074,55000000,9.490e+06
242,54000000,1.368e+08
9621,57000000,5.203e+07
1819,54000000,1.304e+08
8536,54000000,1.905e+08
8046,54000000,7.266e+06
1717,55000000,9.451e+06
479,46000000,1.072e+08
9444,53000000,1.398e+08
824,52500000,1.792e+08
11456,75000000,5.425e+07
261023,53000000,9.884e+07
3683,90000000,6.590e+07
22803,53000000,1.267e+08
285923,67000000,2.504e+07
640,52000000,3.521e+08
97630,40000000,1.328e+08
9767,52000000,2.050e+08
11631,52000000,6.098e+08
32856,52000000,2.165e+08
6519,50000000,1.108e+08
8741,52000000,9.813e+07
49520,52000000,7.545e+07
1850,82000000,4.743e+07
524,52000000,1.161e+08
26389,52000000,5.283e+07
2123,51000000,1.493e+08
9907,51000000,7.278e+07
18239,50000000,7.098e+08
808,60000000,4.844e+08
38050,50200000,1.279e+08
8367,48000000,3.905e+08
9390,50000000,2.736e+08
72105,50000000,5.494e+08
2898,50000000,3.142e+08
10312,50000000,2.023e+08
109443,50000000,1.736e+08
2022,50000000,1.713e+08
37686,50000000,2.601e+08
462,52000000,2.563e+08
9919,50000000,1.774e+08
187017,50000000,1.884e+08
628,60000000,2.237e+08
10201,70000000,2.260e+08
302699,50000000,2.170e+08
274167,50000000,2.428e+08
224141,50000000,2.129e+08
388,45000000,1.844e+08
2112,90000000,1.616e+08
10329,50000000,1.520e+08
74465,50000000,1.201e+08
13811,50000000,1.554e+08
6877,50000000,8.872e+07
10320,50000000,1.615e+08
50646,50000000,1.429e+08
8920,50000000,2.008e+08
60308,50000000,1.102e+08
6950,50000000,1.899e+08
225574,50000000,2.228e+08
13836,50000000,1.063e+08
752,54000000,1.325e+08
6038,50000000,8.832e+07
9975,50000000,6.983e+07
11451,50000000,6.600e+07
12103,50000000,1.000e+08
60304,50000000,2.248e+08
2251,50000000,1.191e+08
46529,50000000,1.445e+08
231,50000000,9.400e+07
300671,50000000,6.941e+07
228326,50000000,9.744e+07
9754,45000000,8.280e+07
66,50000000,5.007e+07
4421,50000000,4.817e+07
2649,50000000,1.094e+08
588,50000000,9.761e+07
71552,50000000,2.350e+08
9631,50000000,4.455e+07
216282,50000000,1.606e+08
306,50000000,1.192e+08
928,50000000,4.148e+07
205587,50000000,8.372e+07
1577,45000000,1.294e+08
9801,50000000,4.020e+07
2116,50000000,5.550e+07
9624,50000000,4.900e+07
14199,50000000,6.943e+07
1907,40000000,1.441e+08
4599,50000000,4.972e+07
22832,40000000,6.046e+07
9879,50000000,1.133e+08
38579,50000000,8.376e+07
44603,50000000,1.052e+08
11892,50000000,5.671e+07
9691,50000000,3.030e+07
1248,50000000,8.217e+07
12220,50000000,5.890e+07
72710,44000000,6.333e+07
10782,50000000,4.279e+07
9573,50000000,2.620e+07
4959,50000000,6.016e+07
10061,50000000,4.228e+07
10386,70000000,2.316e+07
421,50000000,3.481e+07
316152,50000000,2.504e+07
11615,50000000,3.896e+07
241554,50000000,7.156e+07
2252,51500000,5.511e+07
11968,50000000,4.443e+07
10047,60000000,6.698e+07
38319,49900000,2.612e+07
69668,50000000,3.850e+07
9770,50000000,1.054e+07
11212,50000000,1.667e+07
10533,50000000,1.038e+07
38363,22000000,2.419e+07
9923,50000000,2.294e+07
11863,50000000,9.852e+06
18501,50000000,4.083e+07
109491,60000000,6.005e+07
329833,50000000,5.597e+07
12634,50000000,6.809e+06
47327,50000000,2.893e+07
15268,50000000,1.276e+07
10796,49000000,7.270e+07
9548,49000000,2.042e+07
18947,50000000,3.635e+07
1900,48000000,2.075e+08
89,48000000,4.742e+08
198184,49000000,1.044e+08
9481,73000000,1.515e+08
4547,48000000,1.964e+08
6415,75000000,1.080e+08
181283,50000000,3.324e+06
9896,48000000,8.550e+07
167,48000000,5.032e+07
1636,48000000,9.038e+07
2148,58000000,2.593e+07
5176,55000000,7.002e+07
260346,48000000,3.258e+08
1389,48000000,7.775e+07
9894,47000000,1.028e+08
8592,47000000,1.037e+08
913,48000000,1.243e+08
11091,48000000,3.574e+07
1368,15000000,1.252e+08
5393,47000000,3.809e+07
9095,47000000,1.238e+07
8874,38000000,2.993e+08
320,46000000,1.137e+08
199,46000000,1.500e+08
20533,47000000,1.054e+07
10684,46000000,1.009e+08
1624,45000000,1.810e+08
325789,25000000,1.544e+07
113464,46000000,5.200e+06
888,46000000,3.416e+08
82675,45000000,3.761e+08
4256,48000000,2.207e+08
1493,45000000,2.120e+08
88751,45000000,1.017e+08
11130,40000000,9.515e+07
9944,45000000,1.953e+08
10731,45000000,1.176e+08
7350,45000000,1.754e+08
9869,45000000,1.781e+08
4379,43000000,1.547e+08
146233,46000000,1.221e+08
2034,45000000,1.049e+08
926,45000000,9.068e+07
4248,45000000,1.412e+08
64328,45000000,1.652e+08
36647,45000000,1.312e+08
7214,30000000,7.667e+07
1537,45000000,9.494e+07
9360,45000000,1.369e+08
6282,45000000,1.139e+08
508,40000000,2.449e+08
9487,120000000,3.633e+08
768,35000000,7.456e+07
2636,45000000,1.704e+08
10478,45000000,5.385e+07
9981,45000000,5.607e+07
7453,50000000,1.045e+08
7737,45000000,1.484e+08
232672,40000000,1.235e+08
17379,45000000,3.840e+07
82525,45000000,8.297e+07
9759,25000000,5.642e+07
9486,40000000,1.606e+08
9906,50000000,5.518e+07
841,40000000,3.093e+07
4148,35000000,7.523e+07
2207,55000000,6.566e+07
9381,70000000,7.211e+07
20856,45000000,5.788e+07
5955,35000000,2.940e+07
9899,45000000,3.806e+07
9826,45000000,1.730e+07
10858,44000000,1.368e+07
11439,45000000,6.022e+07
9457,45000000,1.120e+07
12412,45000000,9.324e+06
13184,45000000,4.249e+07
2185,40000000,8.494e+06
6639,45000000,4.608e+06
38153,45000000,2.155e+06
58233,45000000,1.601e+08
116977,65000000,7.371e+04
68734,44500000,2.323e+08
5503,44000000,3.689e+08
27573,40000000,1.360e+08
819,44000000,1.656e+08
1369,44000000,3.004e+08
10895,2600000,8.430e+07
10935,44000000,3.484e+06
834,50000000,1.113e+08
228066,40000000,3.423e+07
711,43000000,8.005e+07
10027,45000000,5.087e+07
11812,43000000,6.870e+07
37233,42000000,2.702e+08
37950,44000000,4.819e+07
27582,40000000,5.107e+07
64688,42000000,2.016e+08
509,42000000,3.639e+08
7443,45000000,2.248e+08
5966,42000000,1.720e+08
11066,40000000,7.010e+07
136795,43000000,1.587e+08
8095,31115000,7.100e+07
11560,42000000,6.378e+07
2637,32000000,5.516e+07
709,32000000,1.562e+08
49730,42000000,8.916e+07
2749,60000000,5.636e+07
9607,48000000,2.092e+07
1830,42000000,2.413e+07
79,31000000,1.774e+08
54054,40000000,3.689e+07
228967,44000000,1.234e+07
46528,42000000,1.109e+07
27936,33000000,1.400e+07
65,41000000,2.150e+08
9476,65000000,1.175e+08
745,40000000,6.728e+08
49527,42000000,4.622e+07
73937,41000000,7.448e+06
1885,8000000,9.082e+07
168672,40000000,2.512e+08
18240,40000000,3.174e+08
10398,70000000,1.778e+08
165,40000000,3.320e+08
240832,40000000,1.265e+08
216015,40000000,5.710e+08
12279,38000000,1.970e+08
1645,40000000,1.523e+08
11007,40000000,1.902e+08
193756,40000000,1.493e+08
11287,40000000,1.075e+08
259693,40000000,3.202e+08
37799,40000000,2.249e+08
10184,40000000,1.773e+08
4257,45000000,1.783e+08
4234,40000000,1.618e+08
196,40000000,2.445e+08
257091,40000000,1.118e+08
6114,40000000,2.159e+08
24803,40000000,1.295e+08
109410,40000000,9.502e+07
1213,40000000,1.288e+08
100042,40000000,1.698e+08
9036,40000000,1.205e+08
257211,35000000,1.946e+08
323675,40000000,1.248e+08
9361,40000000,7.551e+07
1677,40000000,1.247e+08
187,40000000,1.587e+08
7461,40000000,1.512e+08
16538,41000000,9.164e+07
9889,40000000,1.411e+08
820,40000000,2.054e+08
11565,40000000,1.383e+08
6073,57000000,1.478e+08
16996,20000000,1.363e+08
193610,40000000,1.968e+08
19912,40000000,1.862e+08
296098,40000000,1.655e+08
8007,40000000,9.175e+07
32823,40000000,9.003e+07
4380,50000000,1.701e+08
11551,40000000,5.468e+07
10336,40000000,8.784e+07
11362,35000000,7.540e+07
50348,40000000,8.541e+07
48138,30000000,1.308e+08
1124,40000000,1.097e+08
227159,42000000,1.077e+08
68179,40000000,7.460e+07
1579,40000000,1.202e+08
708,40000000,1.912e+08
34851,40000000,1.262e+08
1586,40000000,9.291e+07
2044,40000000,1.148e+08
9913,43000000,9.197e+07
10761,40000000,8.460e+07
209451,40000000,6.735e+07
11975,40000000,4.592e+07
4970,40000000,1.416e+08
11831,36000000,7.400e+07
440,40000000,4.180e+07
11172,40000000,1.459e+08
39513,40000000,9.755e+07
82687,40000000,4.186e+07
41446,40000000,9.714e+07
8224,40000000,9.662e+07
10537,38000000,3.442e+07
225886,40000000,1.261e+08
10385,40000000,3.604e+07
55779,47000000,1.579e+08
10647,40000000,5.571e+07
11431,30000000,5.045e+07
8850,25000000,4.806e+07
64685,40000000,5.525e+07
38357,40000000,5.879e+07
10060,40000000,4.644e+07
11398,40000000,3.020e+07
1833,40000000,3.167e+07
8970,75000000,2.900e+07
9306,40000000,4.963e+07
11370,40000000,2.705e+07
1921,40000000,6.575e+07
1683,40000000,6.277e+07
203,500000,3.000e+06
11858,40000000,2.433e+07
62835,40000000,6.097e+07
18937,40000000,3.817e+07
13536,40000000,2.243e+07
10718,40000000,4.655e+07
10802,45000000,2.035e+07
1887,40000000,6.047e+07
10461,63600000,1.941e+07
80278,42000000,1.803e+08
12704,55000000,1.438e+07
10315,40000000,4.647e+07
16643,40000000,1.687e+07
2687,40000000,1.436e+07
194,10000000,1.739e+08
8849,60000000,1.340e+07
78698,40000000,2.472e+07
30943,38000000,2.812e+07
9544,40000000,1.890e+07
24418,40000000,2.817e+07
7288,40000000,1.932e+07
10366,45000000,1.067e+07
19898,33000000,2.065e+07
15074,40000000,1.096e+07
1272,50000000,3.202e+07
72358,40000000,2.204e+07
266396,40000000,1.364e+07
9978,40000000,2.394e+07
8271,20000000,1.178e+08
10428,20000000,7.564e+06
110415,39200000,8.676e+07
9495,15000000,9.400e+07
256040,40000000,1.000e+08
24420,39000000,1.012e+08
62214,39000000,3.529e+07
16320,39000000,3.887e+07
8842,39000000,6.614e+06
9531,39000000,7.585e+07
64807,40000000,4.491e+07
12289,80341000,1.278e+08
11529,30000000,1.806e+08
20943,38000000,2.053e+08
9488,38000000,1.197e+08
193,38000000,1.200e+08
44865,3860000,6.408e+07
55787,38000000,1.142e+08
10400,50000000,7.396e+07
1957,38000000,5.180e+07
256961,38000000,1.076e+08
5852,53000000,2.970e+07
622,38000000,5.840e+07
11306,38000000,1.738e+07
12508,57000000,1.699e+07
25793,10000000,4.754e+07
10534,38000000,1.030e+07
1091,15000000,1.963e+07
87421,38000000,9.834e+07
10871,37000000,6.482e+06
13600,55000000,1.787e+07
68722,32000000,2.826e+07
14324,38000000,5.411e+06
14325,40000000,9.793e+06
299687,38000000,1.099e+08
312221,37000000,1.736e+08
23168,37000000,1.540e+08
76494,40000000,7.970e+07
4944,37000000,1.637e+08
10488,37000000,1.001e+08
96721,38000000,9.025e+07
334,37000000,4.845e+07
23742,30000000,5.558e+07
259694,38000000,1.123e+08
62837,37000000,9.540e+07
8966,37000000,3.926e+08
8470,36000000,1.022e+08
11001,65000000,1.178e+08
138832,37000000,2.700e+08
16911,36500000,2.183e+07
2163,36000000,5.016e+07
36670,36000000,1.600e+08
23048,36000000,6.457e+07
227735,36000000,5.242e+07
2155,42000000,3.217e+07
8409,36000000,4.435e+07
222936,37000000,2.625e+07
48171,37000000,9.605e+07
782,36000000,1.253e+07
75531,36000000,3.003e+06
11802,37000000,6.380e+07
18785,35000000,4.593e+08
365222,36000000,1.568e+08
817,33000000,3.109e+08
268,35000000,4.113e+08
943,35000000,3.217e+08
22881,29000000,3.092e+08
10054,35000000,1.479e+08
51540,35000000,1.170e+08
44264,38000000,2.523e+08
350,35000000,3.266e+08
152,35000000,1.390e+08
109431,35000000,1.740e+08
1598,35000000,1.823e+08
8065,35000000,6.982e+07
271718,35000000,1.408e+08
11638,35000000,6.892e+07
409,27000000,2.320e+08
2118,35000000,1.262e+08
11459,35000000,8.637e+07
9348,35000000,1.134e+08
377,1800000,2.550e+07
8843,33000000,1.042e+08
39486,35000000,6.025e+07
1273,34000000,9.561e+07
13920,32000000,5.228e+07
50544,35000000,1.505e+08
325133,35000000,1.088e+08
140823,35000000,1.125e+08
1883,34000000,4.817e+07
89492,35000000,8.806e+07
22949,35000000,9.222e+07
12437,35000000,9.135e+07
2959,35000000,6.931e+07
11648,30000000,5.841e+07
9366,35000000,4.195e+07
1576,33000000,1.030e+08
609,10700000,1.222e+08
13051,35000000,8.542e+07
49530,40000000,1.739e+08
34806,35000000,7.748e+07
49022,35000000,5.990e+07
23479,35000000,3.532e+07
11667,35000000,9.942e+07
423,35000000,1.201e+08
10066,40000000,6.877e+07
2288,27000000,1.155e+08
88794,35000000,8.461e+07
13515,35000000,7.244e+07
11979,35000000,4.548e+07
169,35000000,5.712e+07
8090,35000000,3.248e+07
11622,35000000,4.026e+07
3604,35000000,2.711e+07
9541,35000000,3.610e+07
94348,45000000,3.035e+07
8197,35000000,2.511e+07
336004,8900000,4.100e+06
35019,35000000,9.325e+07
8836,30000000,6.837e+07
14442,31000000,2.739e+07
321741,35000000,5.036e+07
59965,35000000,8.209e+07
14175,35000000,1.948e+07
11918,35000000,2.587e+07
98357,56000000,1.970e+07
10012,35000000,1.929e+07
49526,35000000,3.108e+07
268920,35000000,5.168e+07
9093,35000000,2.988e+07
119283,35000000,4.622e+07
11823,31000000,4.151e+07
35169,35000000,3.934e+07
849,27000000,1.652e+07
4515,35000000,6.322e+07
6575,35000000,1.832e+07
13496,35000000,1.368e+07
18320,35000000,2.741e+07
22787,40000000,1.221e+07
8967,32000000,5.467e+07
144336,35000000,1.751e+07
9616,35000000,1.156e+07
13056,20500000,1.009e+07
14113,35000000,1.251e+07
285783,35000000,6.118e+07
9726,35000000,4.206e+07
20763,35000000,4.652e+06
9280,35000000,1.684e+07
11876,35000000,1.500e+07
22267,38000000,6.351e+05
1969,35000000,1.050e+07
198663,34000000,3.483e+08
239573,35000000,1.443e+07
10436,34000000,3.226e+07
1381,35000000,1.530e+07
2162,70000000,1.126e+07
127493,35000000,2.107e+06
12429,41677699,1.875e+08
228205,34000000,6.301e+07
2900,75000000,1.960e+07
192136,35000000,2.733e+07
18254,32000000,4.038e+07
881,40000000,2.432e+08
10877,50000000,7.996e+07
9600,30000000,1.740e+08
71469,30000000,6.463e+07
85446,33000000,1.405e+08
326,33000000,6.202e+07
7220,33000000,5.470e+07
9763,30000000,2.761e+07
72387,30000000,4.035e+07
1892,32350000,5.727e+08
13460,30000000,2.221e+07
8055,32000000,1.130e+08
50647,35000000,2.416e+07
10719,32000000,1.734e+08
9294,32000000,1.520e+08
9353,32000000,8.020e+07
55721,32500000,2.884e+08
109414,32000000,1.260e+08
10307,29000000,5.004e+07
11978,32000000,4.881e+07
22907,32000000,6.906e+07
87567,35000000,2.182e+07
38322,32000000,8.362e+07
45612,32000000,1.473e+08
7305,32000000,3.673e+07
3594,30000000,7.757e+07
157841,33000000,9.495e+06
11519,35000000,3.176e+07
59,32000000,6.074e+07
9335,32000000,8.517e+07
12106,32000000,1.855e+07
11141,28000000,3.002e+07
31867,32000000,1.841e+07
10253,70000000,5.359e+07
124459,30000000,2.744e+07
24662,32000000,3.567e+06
182,32000000,5.915e+06
28,31500000,8.946e+07
38073,32000000,4.205e+07
302156,31500000,1.471e+07
606,31000000,1.285e+08
87502,31000000,1.618e+08
698,34000000,2.103e+08
120467,30000000,1.746e+08
11313,31000000,2.419e+07
6488,31000000,5.321e+07
10559,31000000,6.811e+07
296099,31000000,1.044e+08
8012,30250000,1.151e+08
1574,45000000,3.068e+08
9032,34200000,2.348e+08
2770,30000000,2.876e+08
862,30000000,3.736e+08
1637,30000000,3.504e+08
72570,30000000,1.961e+08
27569,31000000,1.513e+07
10637,30000000,1.367e+08
1669,30000000,1.992e+08
132363,25000000,1.159e+08
9472,20000000,1.677e+08
2907,30000000,1.915e+08
9273,30000000,2.124e+08
9880,37000000,1.653e+08
2925,26000000,1.164e+08
807,33000000,3.273e+08
17654,30000000,2.108e+08
11836,30000000,1.402e+08
322,25000000,1.568e+08
70,30000000,2.168e+08
9535,80000000,1.769e+08
11036,29000000,1.156e+08
6557,30000000,1.603e+08
18126,35000000,1.555e+08
16340,30,1.030e+02
10333,30000000,7.479e+07
4476,30000000,1.606e+08
22947,25000000,1.637e+08
2755,30000000,1.058e+08
82654,35000000,1.170e+08
59967,30000000,4.704e+07
9598,30000000,2.541e+08
82696,30000000,1.143e+08
9870,30000000,1.052e+08
8292,45000000,9.237e+07
8780,30000000,6.383e+07
10521,30000000,1.147e+08
10762,19000000,6.963e+07
10096,37000000,9.646e+07
59436,30000000,1.511e+08
4133,53000000,8.328e+07
10207,80000000,1.189e+08
172,30000000,7.020e+07
36593,30000000,5.113e+07
707,30000000,1.524e+08
533,30000000,1.925e+08
6023,30000000,1.568e+08
6439,30000000,9.377e+07
4347,30000000,1.293e+08
4105,30000000,4.589e+07
76489,30000000,5.482e+07
3933,40000000,1.172e+08
273481,30000000,8.403e+07
307081,30000000,9.171e+07
16871,30000000,9.081e+07
293863,25000000,6.566e+07
41233,30000000,1.593e+08
9266,25000000,5.184e+07
1262,30000000,5.365e+07
4513,30000000,7.551e+07
22970,30000000,6.649e+07
7278,30000000,8.465e+07
9013,30000000,3.841e+07
865,27000000,3.812e+07
10776,25000000,3.875e+07
50456,30000000,6.378e+07
9823,30000000,5.138e+07
59861,30000000,3.616e+07
133805,30000000,8.239e+07
12763,30000000,3.474e+07
9766,30000000,4.148e+07
12244,30000000,4.843e+07
109421,30000000,6.337e+07
51162,30000000,1.446e+07
10152,19000000,3.927e+07
9452,30000000,2.920e+07
9271,30000000,2.405e+07
48340,30000000,1.086e+08
14846,35000000,2.203e+07
72207,30000000,5.391e+07
16232,30000000,2.180e+07
43539,30000000,5.115e+07
9920,30000000,3.107e+07
8978,30000000,3.529e+07
11702,30000000,1.920e+07
18550,25000000,1.719e+07
43347,30000000,1.028e+08
3489,30000000,1.693e+07
9701,35000000,2.522e+07
2122,40000000,2.616e+07
10658,37000000,3.796e+07
13150,30000000,3.115e+07
9042,30000000,1.501e+07
17813,30000000,1.537e+07
11208,30000000,1.300e+07
58151,17000000,2.492e+07
11400,30000000,3.054e+07
11058,25000000,3.011e+07
14844,23000000,1.200e+01
57089,30000000,1.352e+07
1947,30000000,1.862e+07
8054,30000000,6.435e+07
46829,30000000,8.454e+06
146238,30000000,6.262e+07
9989,30000000,1.820e+07
9665,18000000,2.683e+07
13967,30000000,3.508e+07
9053,21000000,4.803e+05
4512,30000000,1.471e+07
76349,30000000,1.083e+05
45610,30000000,2.528e+06
223702,19000000,1.408e+08
254470,29000000,2.875e+08
69,28000000,1.864e+08
4967,30000000,3.704e+07
4912,30000000,3.301e+07
12771,29000000,1.693e+07
323676,29000000,7.864e+07
11249,12000000,2.483e+07
9667,29000000,2.113e+07
812,28000000,5.041e+08
277216,28000000,2.016e+08
87,28000000,3.330e+08
14444,30000000,1.005e+08
2043,60000000,1.052e+08
315664,29000000,4.890e+07
1428,29000000,9.819e+07
562,28000000,1.408e+08
15373,28000000,9.238e+07
318846,28000000,1.333e+08
14292,28000000,6.445e+07
924,28000000,1.024e+08
2018,35000000,9.473e+07
192577,30000000,1.714e+07
9428,21000000,7.144e+07
2832,30000000,9.026e+07
137093,28000000,1.344e+08
699,28000000,1.953e+08
9778,28000000,7.752e+07
8831,27000000,1.016e+08
9398,28000000,6.078e+07
112949,28000000,9.759e+07
10439,28000000,3.951e+07
3638,28000000,9.260e+07
23483,28000000,9.619e+07
62206,28000000,4.055e+07
10577,28000000,3.300e+07
218778,28000000,1.007e+08
4348,28000000,1.211e+08
78,28000000,3.314e+07
11780,28000000,3.160e+07
192102,28000000,5.260e+07
2001,21000000,5.493e+07
11516,35866397,2.022e+07
10025,28000000,3.816e+07
15198,28000000,8.888e+06
23172,28000000,4.524e+07
17834,28000000,8.345e+06
10016,28000000,1.401e+07
10317,28000000,7.002e+06
58431,28000000,1.637e+07
9746,28000000,5.685e+06
13092,27000000,1.729e+07
59859,28000000,6.070e+07
13495,24000000,2.332e+07
254473,28000000,6.890e+07
700,27500000,1.875e+08
4964,30000000,2.191e+08
10024,30000000,9.571e+07
13490,35000000,4.365e+07
15927,8000000,2.719e+07
1259,15000000,4.947e+07
5125,27500000,2.475e+07
174,27000000,9.690e+07
9437,27000000,6.053e+07
525,27000000,1.152e+08
10188,27000000,4.435e+07
245,27000000,1.290e+08
9825,27000000,5.687e+07
186,27000000,5.631e+07
9549,27000000,2.150e+07
61891,30000000,1.540e+07
34584,27000000,2.016e+07
2666,27000000,2.720e+07
13155,25000000,1.114e+07
42807,27000000,7.600e+07
28355,27000000,2.900e+07
8080,27000000,1.300e+07
56288,27000000,8.556e+07
303858,27000000,9.328e+07
1613,28,1.400e+01
16617,27000000,2.115e+07
8944,25000000,6.673e+06
14560,26000000,1.833e+08
10330,26000000,1.102e+08
6957,26000000,1.094e+08
1934,25000000,2.893e+08
169917,28000000,5.318e+07
951,15000000,2.020e+08
10189,27000000,1.016e+08
9454,26000000,6.571e+07
2055,22000000,6.830e+07
1551,26000000,6.149e+07
5902,22000000,5.075e+07
11460,26000000,5.789e+07
9358,26000000,9.043e+07
134,26000000,7.187e+07
22894,26000000,6.792e+07
134374,25000000,8.618e+07
15028,26000000,3.879e+07
7445,26000000,4.332e+07
17047,26000000,2.882e+07
62838,56000000,1.420e+08
2057,42000000,3.540e+07
70436,26000000,2.966e+07
16784,30000000,1.400e+07
8011,26000000,3.680e+07
36355,25530000,2.008e+07
238615,26000000,3.052e+07
1985,25000000,8.247e+07
615,30000000,6.119e+08
788,25000000,4.413e+08
380,25000000,4.128e+08
13223,33000000,2.700e+08
10523,25100000,2.951e+07
8681,25000000,2.268e+08
239571,26000000,3.593e+07
619,25000000,4.110e+08
424,22000000,3.214e+08
50014,25000000,1.243e+08
162903,28000000,8.555e+06
6466,30000000,1.149e+08
12589,25000000,8.094e+07
7191,25000000,1.708e+08
1497,25000000,7.800e+07
117,25000000,7.627e+07
6977,25000000,1.716e+08
168530,25000000,1.540e+08
634,25000000,2.819e+08
392,25000000,1.525e+08
10327,45000000,1.249e+08
88042,25000000,1.198e+08
41630,25000000,1.478e+08
11969,25000000,5.651e+07
2085,25000000,9.104e+07
794,2800000,6.092e+07
9286,25000000,1.177e+08
77877,25000000,9.936e+07
1265,60000000,1.376e+08
866,25000000,1.168e+08
75174,25000000,7.728e+07
11096,25000000,1.226e+08
8699,26000000,9.057e+07
769,25000000,4.684e+07
10923,28000000,5.880e+07
11283,25000000,1.225e+08
111,25000000,6.588e+07
746,23000000,4.398e+07
77866,25000000,6.310e+07
7345,25000000,7.721e+07
12277,25000000,4.160e+07
9779,25000000,3.905e+07
2140,25000000,6.444e+07
12620,25000000,7.044e+07
14177,25000000,3.635e+07
198185,25000000,3.831e+07
227156,25000000,6.698e+07
11351,17000000,6.310e+07
10030,25000000,5.919e+07
10623,25000000,5.649e+07
590,25000000,4.160e+07
9655,20000000,3.389e+07
1268,25000000,2.297e+08
11237,20000000,7.099e+07
190955,25500000,2.415e+06
5123,25000000,6.612e+07
4518,30000000,8.215e+07
11932,25000000,5.067e+07
11165,25485000,2.955e+07
6116,25000000,1.000e+08
57431,25000000,3.494e+07
278,25000000,2.834e+07
9290,21150000,3.944e+07
11543,27000000,2.502e+07
284536,25000000,3.917e+07
152737,25000000,7.419e+07
13374,25000000,2.765e+07
8976,30000000,4.289e+07
319888,23000000,4.615e+07
9469,25000000,2.157e+07
1909,25000000,2.220e+07
22971,25000000,1.150e+08
34813,25000000,2.358e+07
46261,25000000,3.699e+07
10431,25000000,4.045e+07
8051,25000000,1.700e+07
9352,25000000,2.080e+07
15487,25000000,1.543e+07
22825,30000000,3.333e+07
1831,25000000,2.436e+07
43931,25000000,1.983e+07
10591,25000000,3.041e+07
10861,25000000,5.170e+07
276907,25000000,4.297e+07
65055,28000000,1.013e+07
10397,25,1.300e+01
200505,25000000,2.883e+07
60309,25000000,1.548e+07
9787,25000000,1.341e+07
293646,25000000,2.490e+07
6978,25000000,1.100e+07
59440,25000000,2.306e+07
1770,28000000,1.690e+07
8988,25000000,1.121e+07
15992,25000000,1.072e+07
17707,25000000,1.300e+07
77883,14000000,8.545e+07
40001,25000000,1.007e+07
64639,25000000,1.032e+07
9903,25000000,1.177e+07
20766,32000000,2.764e+07
24264,25000000,5.778e+06
9067,25000000,4.064e+06
8338,25000000,1.984e+07
168705,25000000,2.405e+06
72113,25000000,2.760e+07
22256,25000000,7.774e+05
12404,25000000,2.336e+06
152742,13500000,1.926e+07
11699,25000000,1.059e+07
48034,25000000,4.853e+07
36696,25000000,6.500e+06
109091,25000000,7.101e+07
33157,25000000,3.052e+06
859,14000000,3.467e+07
83770,25000000,8.784e+06
168,24000000,1.330e+08
1246,24000000,1.557e+08
4233,24000000,1.724e+08
174751,25000000,1.397e+06
184098,24000000,7.018e+07
2069,41300000,1.064e+08
1788,8200000,8.004e+07
11635,24000000,8.706e+07
177,24000000,4.190e+07
3600,65000000,4.000e+07
2621,24000000,3.661e+07
10358,24000000,4.211e+07
10313,24000000,6.873e+07
13476,17000000,1.698e+07
10208,24000000,1.629e+07
24961,24000000,2.105e+07
20697,24000000,1.237e+07
20761,24000000,8.434e+06
70868,24000000,3.055e+07
43593,24000000,8.319e+07
40688,24000000,4.562e+06
26672,28000000,6.693e+05
41283,24000000,2.308e+07
4935,24000000,2.347e+08
19908,23600000,1.024e+08
10663,23000000,1.860e+08
1891,18000000,5.384e+08
9737,19000000,1.414e+08
37137,23000000,8.693e+07
9532,23000000,5.330e+07
10316,12500000,7.599e+07
2787,23000000,5.319e+07
152601,23000000,4.735e+07
10866,23000000,3.664e+07
227707,25000000,6.399e+03
21349,23000000,1.865e+07
70435,23000000,3.337e+07
580,23000000,5.188e+07
20024,23000000,1.083e+07
2453,23000000,7.435e+06
6973,23000000,2.954e+07
22215,23000000,9.366e+06
11632,23000000,1.612e+07
30596,23000000,5.838e+06
3021,25000000,9.468e+07
957,22700000,3.812e+07
256917,22500000,1.552e+07
251,22000000,5.050e+08
544,23000000,3.699e+08
11395,22000000,1.898e+08
14635,20000000,7.560e+07
13680,22000000,1.479e+08
688,24000000,1.820e+08
11090,22000000,8.477e+07
783,22000000,7.774e+07
228194,22000000,8.888e+07
1642,22000000,1.106e+08
10950,22000000,9.254e+07
235260,22000000,6.780e+07
277,22000000,9.571e+07
8999,22000000,5.748e+07
11323,22000000,3.542e+07
11453,22000000,2.240e+07
146239,26000000,5.116e+07
10878,22000000,1.935e+07
82650,22000000,7.711e+07
2294,22000000,3.379e+07
2176,30000000,2.362e+07
270487,22000000,6.365e+07
204082,22000000,4.306e+07
24100,22000000,1.356e+07
5550,22000000,1.070e+07
287948,25000000,7.263e+07
9075,21000000,2.619e+07
11661,22000000,1.771e+07
109513,2000000,1.440e+07
204922,22000000,1.545e+07
38985,22000000,1.200e+07
44113,22000000,9.480e+06
164457,22000000,1.540e+07
4566,25000000,9.299e+07
153158,22000000,2.400e+07
81836,17000000,7.324e+07
10724,18000000,7.069e+07
2196,9000000,4.600e+01
1499,21000000,4.200e+07
20857,32000000,4.022e+07
82693,21000000,2.057e+08
1646,21000000,4.117e+07
4108,21000000,4.393e+07
8456,20000000,4.163e+07
7341,21000000,1.776e+07
19255,17000000,1.490e+07
10187,21000000,1.760e+07
31005,21000000,1.001e+07
50780,21000000,9.708e+05
16363,35000000,6.970e+07
1946,15000000,2.857e+06
85,18000000,3.899e+08
772,18000000,3.590e+08
840,20000000,3.038e+08
9682,38000000,2.991e+07
96,20000000,3.000e+08
10678,20000000,1.327e+08
274,19000000,2.727e+08
8872,20000000,1.217e+08
16290,20000000,1.172e+08
579,20000000,1.879e+08
14405,20000000,1.493e+08
138843,13000000,3.180e+08
11637,32000000,9.792e+07
226486,20000000,1.005e+08
1584,35000000,1.313e+08
9312,18000000,1.222e+08
12153,37000000,1.131e+08
65057,20000000,1.772e+08
76203,20000000,1.870e+08
13497,20000000,5.759e+07
35688,20000000,6.007e+07
162,20000000,5.300e+07
296096,20000000,2.079e+08
1051,1800000,4.116e+07
376659,20000000,1.839e+08
10073,20000000,4.855e+07
16690,20000000,1.099e+08
273895,20000000,6.679e+07
14873,20000000,1.357e+08
8968,20000000,6.719e+07
9963,20000000,8.415e+07
15655,30000000,4.555e+07
21208,20000000,4.160e+07
272878,20000000,4.397e+07
9760,20000000,8.687e+07
314365,20000000,8.835e+07
13279,20000000,2.764e+07
1975,20000000,3.914e+07
33644,20000000,3.767e+07
9895,20000000,4.124e+07
9570,20000000,3.584e+07
27579,20000000,6.546e+07
16052,20000000,6.000e+07
40264,20000000,8.055e+07
1164,25000000,1.353e+08
239678,19800000,4.130e+07
14359,20000000,5.091e+07
3989,32000000,5.091e+07
76617,20000000,4.724e+07
4258,20000000,7.838e+07
20391,20000000,3.168e+07
10139,20000000,5.459e+07
335778,20000000,4.607e+07
9645,35000000,6.835e+07
55465,19000000,3.539e+07
617,20000000,6.720e+07
48289,20000000,4.564e+07
243,30000000,4.713e+07
8848,20000000,6.482e+07
38,20000000,7.226e+07
38303,20000000,3.201e+07
1266,20000000,6.557e+07
107985,20000000,4.609e+07
19901,20000000,5.142e+07
34016,20000000,4.978e+07
59860,20000000,1.742e+07
10069,9000000,2.711e+07
12819,20000000,3.930e+07
9954,20000000,3.760e+07
25132,40000000,2.897e+07
577,20000000,2.128e+07
328387,20000000,8.371e+07
12690,20000000,2.021e+07
539,806948,3.200e+07
13596,20000000,3.662e+07
226857,20000000,3.408e+07
47941,20000000,2.297e+06
526,20000000,1.843e+07
22796,20000000,1.825e+07
2355,20000000,2.222e+07
5915,15000000,5.626e+07
9842,20000000,1.781e+07
61012,20000000,5.230e+07
755,19000000,2.584e+07
9470,20000000,1.009e+08
7979,20000000,7.328e+07
470,20000000,6.043e+07
15644,20000000,1.661e+07
9582,20000000,1.743e+07
22074,20000000,1.744e+07
2428,20000000,1.547e+07
290751,19500000,3.485e+07
13805,25000000,1.411e+07
4597,20000000,2.294e+07
9414,20000000,1.380e+07
63492,20000000,3.043e+07
81796,20000000,3.220e+07
15092,20000000,3.456e+07
15005,20000000,1.339e+07
8198,30000000,2.767e+07
6963,20000000,1.248e+07
15070,20000000,1.240e+07
17134,20000000,1.728e+07
41402,20000000,2.415e+07
146198,20000000,1.264e+07
2639,20000000,1.069e+07
295964,20000000,3.661e+07
11835,20000000,1.697e+07
14396,20000000,1.034e+07
15673,20000000,1.134e+07
42618,8000000,2.000e+07
171274,20000000,1.111e+07
109417,20000000,1.655e+07
13948,20000000,7.000e+06
106747,12000000,1.501e+07
256962,20000000,6.420e+06
48231,15000000,2.746e+07
3509,8700000,7.660e+06
12142,20000000,1.044e+07
23367,20000000,5.211e+06
241239,20000000,1.201e+07
3902,20000000,4.001e+06
77948,20000000,1.686e+07
21755,20000000,5.531e+06
128,26500000,1.594e+08
16608,2000000,5.049e+06
32316,20000000,1.676e+06
7299,20000000,5.360e+06
13405,40000000,7.400e+06
314385,10000000,3.728e+06
10448,20000000,3.051e+05
43935,20000000,4.634e+06
44638,20000000,3.466e+05
199373,27220000,5.497e+06
581,22000000,4.242e+08
52449,20000000,2.162e+08
12150,19000000,1.109e+08
11247,19000000,7.007e+07
4232,14000000,1.730e+08
694,19000000,4.402e+07
105,19000000,3.811e+08
11377,19000000,4.085e+07
41210,19000000,4.983e+07
12090,18000000,1.016e+08
62630,19100000,5.728e+06
29427,20000000,5.496e+07
129,15000000,2.749e+08
2669,25000000,8.613e+06
13523,19000000,1.876e+07
25195,19000000,2.992e+07
17277,19000000,4.750e+06
50725,19000000,6.928e+06
73191,19000000,2.120e+06
10065,19000000,1.080e+08
2757,19000000,3.280e+07
11683,15000000,4.677e+07
1878,18500000,1.068e+07
23082,18500000,3.191e+07
195589,18000000,2.682e+08
854,23000000,3.516e+08
2280,18000000,1.517e+08
496,18000000,2.616e+08
8835,18000000,1.418e+08
157,18000000,8.700e+07
8643,19000000,1.442e+08
10402,17000000,6.554e+07
218043,16000000,1.968e+07
21301,18000000,6.507e+07
10147,23000000,7.649e+07
816,16500000,6.768e+07
302688,18000000,8.892e+07
60307,21000000,7.242e+07
106,18000000,9.824e+07
279,18000000,5.197e+07
10625,17000000,1.290e+08
5279,19800000,8.775e+07
10013,18000000,4.138e+07
194662,18000000,1.032e+08
160588,18000000,9.921e+07
9829,15000000,7.629e+07
10028,18000000,6.265e+07
790,1000000,2.138e+07
43959,18000000,4.709e+07
10364,18000000,2.491e+07
9610,18000000,1.000e+08
1578,18000000,2.300e+07
25643,18000000,3.613e+07
44115,18000000,3.569e+07
10560,18000000,1.720e+07
333348,17000000,2.400e+07
20483,18000000,1.670e+07
321697,30000000,3.444e+07
38665,18000000,2.946e+06
2575,21000000,2.801e+07
11644,18000000,1.200e+07
146227,18000000,1.050e+07
68924,18000000,8.038e+06
253235,18000000,2.531e+07
10068,17000000,6.736e+06
848,18000000,1.411e+07
522,18000000,5.887e+06
130150,18000000,2.028e+07
12246,18000000,2.653e+07
13809,18000000,2.574e+07
33870,25000000,2.072e+07
245703,18000000,6.212e+06
127560,18000000,2.231e+07
10017,2700000,3.500e+06
11468,18000000,6.767e+05
193613,18000000,7.973e+06
17436,18000000,3.822e+05
43434,18000000,8.713e+05
8408,3500000,3.400e+07
9389,18000000,1.831e+06
9626,17900000,6.949e+06
75638,14000000,1.355e+07
8363,20000000,1.215e+08
8328,23000000,1.508e+08
10982,15000000,5.105e+07
205,17500000,3.800e+07
1620,24000000,9.997e+07
175541,17500000,7.018e+06
241254,18000000,2.666e+08
679,18500000,1.833e+08
11113,17000000,7.207e+07
3597,17000000,1.256e+08
193893,17000000,1.366e+08
9675,16000000,1.095e+08
9988,17500000,1.918e+07
948,300000,7.000e+07
146304,17000000,7.163e+07
7516,17000000,5.710e+07
41439,20000000,1.362e+08
9429,17000000,3.033e+07
38117,17000000,4.317e+07
9792,15000000,6.962e+07
13960,20000000,2.117e+07
114150,17000000,1.154e+08
26602,34000000,1.969e+07
26390,17000000,2.954e+07
27759,17000000,1.000e+07
109428,17000000,9.754e+07
23049,17000000,2.046e+07
9310,17000000,7.314e+06
11411,17000000,1.930e+07
7304,17000000,9.500e+06
1491,40000000,8.692e+07
2989,17000000,2.000e+06
10629,17000000,1.570e+06
255343,17000000,3.758e+06
4723,17000000,3.747e+05
25763,17000000,8.720e+06
79694,17000000,9.627e+06
18615,16800000,2.281e+06
10673,15000000,4.385e+07
4584,16500000,1.350e+08
2977,16500000,3.731e+07
10760,16500000,1.362e+07
11093,16500000,1.694e+07
207,16400000,2.359e+08
8467,16000000,2.473e+08
639,16000000,9.282e+07
24226,16000000,5.398e+07
9285,16000000,1.198e+08
74643,15000000,1.334e+08
13788,16000000,7.651e+07
83666,16000000,6.826e+07
318850,18500000,6.490e+06
1417,19000000,8.326e+07
16161,16000000,2.938e+07
49950,16000000,4.049e+07
10956,17700000,3.099e+07
9594,15000000,3.010e+07
4638,12000000,8.057e+07
13972,16000000,5.001e+07
5038,15000000,9.641e+07
10571,16000000,2.063e+07
19994,16000000,3.156e+07
25166,16000000,1.543e+07
12120,20000000,1.385e+07
9800,26000000,2.067e+08
1090,16000000,1.856e+07
18475,16000000,1.200e+01
9781,6500000,4.217e+06
8009,16000000,5.900e+06
3877,16000000,2.849e+06
8854,16000000,1.686e+06
152599,16000000,5.868e+06
68727,20000000,2.426e+07
12657,16000000,1.482e+07
8265,11000000,5.319e+07
34647,13000000,7.542e+05
28178,16000000,4.780e+07
264656,16000000,3.443e+06
18777,15500000,1.238e+06
90,15000000,3.164e+08
771,18000000,4.767e+08
9576,21000000,1.772e+08
744,15000000,3.568e+08
146,17000000,2.135e+08
14,15000000,3.563e+08
45269,15000000,4.142e+08
9493,15000000,2.166e+08
22556,15000000,3.170e+05
873,15000000,1.463e+08
33196,16000000,1.130e+07
205596,14000000,2.336e+08
16769,15000000,6.718e+07
33217,15000000,7.570e+07
132232,15000000,1.465e+08
11153,15000000,6.140e+07
208134,15000000,1.518e+08
1165,15000000,1.234e+08
4011,15000000,7.333e+07
17202,15000000,5.518e+07
65086,17000000,1.277e+08
10053,15000000,6.697e+07
11870,15000000,5.297e+07
11778,15000000,5.000e+07
586,15000000,6.426e+07
18736,17000000,5.553e+07
134411,35000000,4.293e+07
287903,15000000,6.155e+07
9276,15000000,4.028e+07
2142,15000000,4.486e+07
11397,16000000,6.647e+07
77016,7000000,4.813e+07
11478,15000000,3.501e+07
266856,15000000,1.237e+08
10564,15000000,3.377e+07
947,15000000,7.000e+07
24150,15000000,3.942e+07
228970,15000000,5.250e+07
18405,15000000,3.272e+07
6961,15000000,4.718e+07
11442,13000000,3.766e+07
2493,16000000,3.086e+07
14047,15000000,3.023e+07
64690,15000000,7.805e+07
11132,15000000,2.933e+07
17127,15000000,4.691e+07
1562,15000000,6.424e+07
232679,15000000,3.013e+07
17880,14000000,3.265e+07
14736,20000000,2.773e+07
23706,15000000,4.011e+07
9100,15000000,2.477e+07
116,15000000,8.531e+07
1245,11500000,2.324e+07
4995,15000000,4.310e+07
14012,15000000,2.100e+07
12212,14000000,3.857e+07
8975,20000000,2.217e+07
342521,15000000,2.057e+07
45272,15000000,2.053e+07
9424,15000000,1.751e+07
97367,15000000,3.549e+07
254904,15000000,3.256e+07
12162,15000000,4.200e+07
11495,15000000,1.708e+07
64689,15000000,3.793e+07
157849,15000000,3.155e+07
37003,15000000,2.273e+07
12211,25000000,1.584e+07
51828,15000000,5.939e+07
22798,15000000,1.663e+07
7501,15000000,1.200e+07
97430,15000000,1.561e+07
12257,15000000,1.044e+07
14024,15000000,1.487e+07
115,15000000,4.619e+07
7874,15000000,1.090e+07
4911,15000000,9.237e+06
1988,16000000,1.893e+07
16222,15000000,9.902e+06
9557,20000000,8.586e+06
8321,15000000,3.453e+07
10186,15000000,8.763e+06
25704,15000000,6.405e+06
133694,15000000,8.139e+06
19265,15000000,3.510e+07
36047,15000000,5.217e+06
8053,15000000,1.204e+07
5236,15000000,1.579e+07
6552,25000000,4.152e+06
1018,15000000,2.012e+07
42188,15000000,9.455e+06
6687,15000000,5.926e+06
8461,15000000,7.939e+06
19,92620000,6.504e+05
10045,12000000,9.584e+06
400,8000000,5.298e+05
253450,15000000,6.325e+05
16353,8500000,8.937e+06
23759,12000000,6.815e+06
24206,15000000,7.638e+04
10185,15000000,3.533e+06
31668,15000000,2.300e+04
13501,15000000,2.038e+04
172391,20000000,2.719e+07
137,14600000,7.091e+07
264999,14800000,1.225e+08
454,14500000,1.473e+08
53457,10000000,1.751e+07
33,14000000,1.592e+08
1951,14200000,6.749e+05
12405,15000000,3.779e+08
10998,14000000,3.201e+08
114,14000000,4.630e+08
2604,14000000,1.610e+08
864,14000000,1.549e+08
14435,15000000,1.007e+08
1931,13000000,7.551e+07
691,14000000,1.854e+08
9877,14000000,7.253e+07
12227,14000000,3.479e+07
71688,13000000,1.150e+08
8291,14000000,2.752e+07
13950,14000000,2.548e+07
12158,14000000,1.980e+07
11586,14000000,3.075e+07
12403,14000000,2.285e+07
34563,14000000,2.141e+07
10368,12000000,2.100e+07
14434,11000000,1.320e+07
11470,11000000,1.695e+07
24940,14000000,1.042e+07
82679,14000000,1.142e+07
2013,14000000,1.978e+07
1440,26000000,1.482e+07
18041,14000000,5.109e+06
87729,14000000,2.474e+06
44754,14000000,4.650e+04
43949,14000000,1.755e+06
142,14000000,1.780e+08
10712,13500000,2.903e+07
243938,14000000,1.231e+07
10876,13500000,7.061e+06
86838,15000000,1.942e+07
613,18339750,9.218e+07
1913,12806000,3.854e+07
97370,13300000,5.380e+06
801,13000000,1.239e+08
70829,13400000,1.670e+07
54518,13000000,9.844e+07
44214,13000000,3.278e+08
240,13000000,4.754e+07
9816,13000000,9.104e+07
10131,7000000,7.250e+07
339984,16000000,7.700e+07
8859,13000000,7.318e+07
11967,13000000,4.473e+07
239563,13000000,5.484e+07
222899,12500000,4.900e+07
4951,16000000,5.348e+07
332567,17000000,1.191e+08
1954,13000000,9.606e+07
22345,12000000,3.645e+07
9448,13000000,2.701e+07
11186,13000000,3.576e+07
136835,13200000,5.383e+07
5876,18000000,5.710e+07
264660,15000000,3.687e+07
492,13000000,2.286e+07
238603,13000000,4.530e+07
10691,13000000,1.693e+07
1251,19000000,6.867e+07
5172,13000000,1.113e+07
58680,13000000,8.027e+06
264644,6000000,3.540e+07
11592,13000000,7.821e+06
16406,13000000,2.750e+07
3682,13000000,1.676e+07
107811,13000000,4.807e+07
2266,13000000,4.857e+06
144340,13000000,1.800e+07
28211,15000000,8.459e+06
47502,13000000,9.790e+06
9950,13000000,2.637e+06
84892,13000000,3.340e+07
24227,3000000,1.200e+06
9672,13000000,1.151e+06
157544,13000000,1.785e+06
59678,14350531,3.965e+06
79777,10000000,3.039e+05
158011,13000000,6.857e+07
8952,13000000,1.065e+07
62204,12000000,5.526e+07
13435,12500000,2.337e+07
319,12500000,1.228e+07
9504,12500000,1.073e+07
26688,12500000,2.721e+07
6615,12000000,1.129e+07
14574,12500000,2.042e+07
16,12800000,4.003e+07
21612,12500000,1.227e+06
36691,15000000,5.025e+06
23631,20000000,3.133e+07
45324,12500000,1.084e+06
12144,12300000,8.446e+07
56601,12500000,3.879e+06
9552,8000000,4.413e+08
578,7000000,4.707e+08
2105,11000000,2.355e+08
126319,12516654,8.109e+06
10136,25000000,7.982e+07
67660,12000000,9.607e+07
10611,12000000,7.578e+07
154,12000000,9.680e+07
3049,15000000,1.072e+08
860,12000000,7.957e+07
9281,12000000,6.871e+07
75674,12000000,8.127e+07
9762,12000000,1.142e+08
184,12000000,3.967e+07
13335,12000000,4.349e+07
76726,15000000,1.450e+08
10269,12000000,3.040e+07
36819,5000000,4.237e+07
17130,12000000,6.114e+07
57214,12000000,1.000e+08
11202,12000000,8.980e+07
9357,12000000,5.222e+07
13812,12000000,4.086e+07
9030,12000000,5.631e+07
19084,12000000,3.118e+07
8386,12000000,3.116e+07
1360,12000000,5.630e+07
101267,12000000,3.273e+07
222935,12000000,3.072e+08
10220,12000000,2.292e+07
31915,12000000,5.400e+07
11601,12000000,2.113e+07
205220,12000000,1.001e+08
14191,12000000,2.301e+07
286565,12000000,8.551e+07
129670,12000000,1.765e+07
34549,12000000,1.729e+07
57157,12000000,2.294e+07
1948,12000000,4.293e+07
46889,12000000,1.290e+07
387,14000000,8.500e+07
60599,12000000,3.549e+07
227719,12000000,3.225e+07
12088,8000000,6.739e+06
14799,12000000,5.542e+06
7510,12000000,6.755e+06
31246,12000000,4.922e+06
61752,12000000,4.940e+06
10944,12000000,2.300e+01
10362,12000000,3.148e+06
1255,11000000,8.849e+07
179144,12400000,8.371e+06
86825,12000000,1.208e+07
844,12000000,1.927e+07
38448,12000000,1.645e+06
327,12000000,1.525e+07
21345,12000000,1.065e+07
173931,19000000,2.570e+06
61984,12000000,1.121e+07
50601,20000000,1.748e+04
236751,12000000,1.013e+08
107,10000000,8.356e+07
8913,11500000,5.747e+07
927,11000000,1.531e+08
11,11000000,7.754e+08
291870,11500000,9.407e+07
907,11000000,1.119e+08
45317,25000000,9.362e+07
12094,11000000,7.278e+07
10377,11000000,6.409e+07
249164,11000000,7.887e+07
9942,11000000,4.980e+07
1817,13000000,9.784e+07
10229,11000000,4.123e+07
687,11000000,3.936e+07
796,10500000,7.590e+07
22804,11000000,6.823e+07
10156,11000000,3.167e+07
12837,11000000,3.811e+07
17708,11000000,2.398e+07
13937,12000000,3.717e+07
28932,11,1.100e+01
31909,12000000,4.885e+06
167073,11000000,6.208e+07
3175,11000000,2.000e+07
14369,24000000,1.478e+07
16888,24000000,1.370e+07
121826,11000000,5.952e+07
10646,11000000,2.343e+07
12149,11000000,1.311e+07
304357,11000000,6.162e+07
20009,14000000,6.414e+06
1587,11000000,3.000e+07
30973,10000000,4.069e+06
63020,11000000,2.833e+06
86829,11000000,3.294e+07
13888,11000000,2.808e+06
42345,11000000,2.200e+06
11917,10800000,1.139e+08
14395,7400000,1.700e+07
24137,14000000,1.854e+07
62,10500000,6.870e+07
601,10500000,7.929e+08
13067,10000000,1.750e+07
88641,10500000,1.235e+05
96399,12000000,9.623e+06
489,10000000,2.259e+08
214,10000000,1.639e+08
10890,10000000,8.530e+07
1588,28000000,9.045e+07
316727,10000000,1.186e+08
10314,10000000,1.032e+08
663,10000000,1.394e+08
11804,10000000,9.120e+07
16781,6000000,5.723e+07
11873,13800000,5.229e+07
9289,10000000,5.010e+07
10414,10000000,5.075e+07
1970,10000000,1.835e+08
9614,12000000,4.121e+07
8922,10000000,5.922e+07
1648,10000000,4.049e+07
17917,10000000,3.740e+07
74534,10000000,1.368e+08
19405,10000000,4.446e+07
9355,12305523,3.623e+07
10999,10000000,5.750e+07
321258,10000000,6.419e+07
44040,10000000,3.358e+07
10426,20000000,3.353e+07
280092,10000000,1.043e+08
13938,10000000,2.575e+07
10163,10000000,3.210e+07
12182,9000000,3.297e+07
1832,10000000,3.065e+07
15301,10000000,2.945e+07
10135,15000000,3.005e+07
26352,10000000,2.939e+07
20616,8500000,3.441e+07
9794,12000000,3.837e+07
15037,10000000,2.561e+07
227,10000000,3.370e+07
294272,65000000,1.437e+08
11336,10000000,2.077e+07
283445,10000000,5.288e+07
88036,14000000,2.464e+07
22824,10000000,4.233e+07
11545,9000000,1.710e+07
42684,10000000,6.682e+07
268238,10000000,8.598e+07
41823,10000000,1.615e+07
9362,11000000,4.857e+07
9902,12600000,2.865e+07
14729,10000000,1.580e+07
9455,25000000,1.516e+07
103731,10000000,2.159e+07
10090,10000000,2.034e+07
75900,6400000,3.506e+07
9515,10000000,1.730e+07
328425,5000000,5.898e+07
1542,10000000,1.283e+07
10490,10000000,1.057e+07
87093,10000000,2.888e+07
10029,30000000,9.898e+06
11507,10000000,8.802e+06
37931,10000000,6.110e+06
87818,6000000,3.244e+07
88005,10000000,9.636e+06
73,20000000,2.388e+07
14283,18000000,9.495e+06
209403,9500000,7.800e+06
7942,10000000,3.300e+07
73247,10000000,2.155e+06
253331,9000000,2.157e+07
9952,10000000,7.177e+06
256924,10000000,1.084e+07
82532,10000000,4.418e+06
2088,11500000,3.276e+06
10388,10000000,3.193e+06
1640,6500000,9.841e+07
25520,10000000,5.164e+06
329440,10000000,4.006e+07
47890,14000000,4.396e+05
252512,10000000,7.587e+06
55720,10000000,1.759e+06
29076,10000000,1.632e+06
68812,20000000,1.969e+06
73567,10000000,3.665e+06
41479,10000000,7.023e+06
1989,10000000,2.179e+07
12779,10000000,5.986e+05
13191,5000000,1.296e+06
101173,7700000,1.073e+06
20178,10000000,2.958e+05
78149,10000000,4.578e+04
245846,10000000,1.747e+04
25186,10000000,9.069e+03
217708,10,1.100e+01
78383,10,1.000e+07
16614,9500000,1.716e+07
9700,9600000,4.386e+06
10471,11000000,5.983e+07
667,9500000,1.116e+08
86837,8900000,1.984e+07
10306,10500000,1.414e+07
11576,9400000,6.000e+07
219,12899867,8.558e+07
62215,7400000,2.182e+07
348,11000000,1.049e+08
30497,85000,3.086e+07
27586,10000000,2.996e+06
14811,9000000,8.330e+07
660,5500000,1.412e+08
40794,7000000,8.220e+06
9400,9000000,4.159e+07
16162,9000000,3.457e+07
10585,9000000,4.420e+07
2359,9000000,2.454e+07
238636,9000000,1.088e+08
11282,9000000,2.394e+07
14181,26000000,2.878e+07
1621,40600000,9.040e+07
9656,9000000,2.151e+07
1619,8500000,1.913e+07
9685,9000000,4.777e+06
14425,9000000,4.351e+06
15568,9000000,2.955e+06
67675,9000000,1.866e+07
250349,6000000,1.435e+07
39806,9000000,7.715e+05
15699,5000000,1.407e+05
17926,9000000,1.046e+06
9671,5000000,3.282e+08
13483,86000000,1.437e+07
1547,8500000,3.222e+07
25196,7000000,3.946e+07
16323,9250000,2.917e+07
175528,8500000,2.246e+07
8069,9000000,2.500e+06
16727,12000000,2.014e+07
272693,8500000,4.353e+07
10696,22000000,5.272e+06
29963,8500000,4.440e+06
26022,12000000,4.235e+07
152747,9000000,6.109e+06
62676,8000000,1.998e+06
1116,6500000,2.289e+07
185008,7700000,4.600e+07
11620,8250000,3.000e+07
680,8000000,2.139e+08
242582,8500000,3.870e+07
11217,8500000,5.002e+06
15121,8200000,2.862e+08
2619,8000000,6.982e+07
773,8000000,1.005e+08
235,8000000,5.229e+07
170,5000000,8.272e+07
10734,8000000,4.300e+07
37964,8000000,2.736e+07
40807,8000000,3.919e+07
225565,8000000,2.605e+07
668,6500000,8.197e+07
11596,14000000,1.809e+07
14429,8000000,2.259e+07
13751,8000000,1.895e+07
9490,8000000,1.746e+07
14536,8000000,2.901e+07
1359,7000000,3.427e+07
9962,8000000,1.686e+07
15049,8000000,1.267e+07
22821,8000000,1.063e+07
37735,8000000,7.495e+07
10873,8000000,8.279e+06
51588,8000000,1.013e+07
291270,8000000,5.659e+06
44009,8000000,1.812e+07
13154,8000000,2.276e+06
43923,8000000,6.491e+06
26306,8000000,5.893e+05
198277,8000000,6.346e+07
7870,8000000,8.529e+05
13072,8000000,4.582e+05
10288,8000000,4.262e+05
44147,8000000,3.453e+06
13197,8000000,1.435e+05
251321,8000000,5.309e+04
149,8000000,5.532e+05
10425,22000000,4.135e+05
49081,8000000,2.019e+06
302,7800000,2.244e+07
403,7500000,1.458e+08
33542,7500000,3.239e+07
9388,6500000,2.479e+07
1691,10200000,3.562e+07
24684,7500000,2.610e+07
2610,10284523,1.159e+07
11022,6500000,1.263e+07
34341,7500000,4.246e+06
36046,7500000,3.348e+06
12569,8000000,1.085e+07
73873,8000000,5.635e+06
7735,7500000,1.900e+07
301365,7000000,1.333e+06
25941,7300000,1.033e+07
7326,7500000,2.314e+08
681,7200000,1.160e+08
238,6000000,2.451e+08
535,4000000,9.292e+07
19913,7500000,6.072e+07
713,7000000,1.167e+08
77930,7000000,1.672e+08
253,7000000,1.618e+08
57119,6600000,3.771e+07
3291,7000000,5.460e+07
398,7000000,4.908e+07
8068,7000000,2.541e+07
10803,9000000,2.500e+07
682,7000000,9.757e+07
10117,7000000,2.026e+07
79316,7000000,3.643e+07
2074,7000000,1.470e+07
308639,700000,1.799e+07
22314,7000000,1.401e+07
2662,7000000,1.683e+07
12573,7000000,3.143e+07
241771,7000000,1.462e+07
11051,7000000,8.374e+06
14578,7000000,7.292e+06
13006,7,5.000e+00
16651,7000000,4.720e+06
4251,7000000,2.939e+07
14112,7000000,2.062e+06
71859,7000000,6.039e+06
33676,7000000,1.246e+06
30128,7000000,1.429e+06
44835,7000000,3.829e+05
306745,7000000,5.733e+05
47088,7000000,4.531e+05
110402,7000000,1.311e+06
27004,7000000,4.649e+04
8374,6000000,3.047e+04
164372,7000000,1.240e+07
13001,7000000,8.900e+06
9571,6900000,7.993e+06
82505,6900000,4.429e+07
46738,6800000,7.104e+06
250546,6500000,2.553e+08
38415,7,7.000e+00
650,6500000,5.750e+07
16620,6500000,5.422e+07
11033,6500000,3.190e+07
9430,6500000,2.845e+07
8998,6500000,1.337e+07
10514,6500000,1.238e+07
76025,6500000,1.769e+07
4836,6500000,1.185e+07
14631,6500000,2.025e+06
87499,6500000,2.402e+06
18923,6500000,1.549e+06
28089,6500000,1.521e+06
218,6400000,7.837e+07
338,4800000,7.938e+07
10925,4000000,1.424e+07
2293,6000000,2.123e+06
621,6000000,1.818e+08
792,6000000,1.385e+08
1777,6000000,1.191e+08
642,6000000,1.023e+08
433,6000000,1.023e+08
1725,6000000,4.366e+07
11977,6000000,3.985e+07
16158,6000000,2.506e+07
629,6000000,2.334e+07
10160,8000000,2.217e+07
11452,5000000,3.828e+07
12163,6000000,4.470e+07
32275,6000000,2.040e+07
1103,6000000,5.024e+07
14144,6000000,1.820e+07
10622,12716953,1.881e+07
13370,6000000,1.875e+07
10215,6000000,5.800e+07
25066,6000000,1.200e+07
1523,6000000,4.803e+07
11361,5000000,1.164e+07
92591,5000000,9.206e+06
57612,6000000,7.519e+06
15256,6000000,6.852e+06
83686,6000000,1.323e+07
28053,6000000,6.671e+06
67913,6000000,1.956e+07
13991,7000000,6.230e+06
1443,6000000,1.041e+07
231576,5500000,5.483e+06
16172,6000000,4.399e+06
15797,6000000,3.283e+06
13537,6000000,2.945e+06
20794,6000000,2.025e+06
576,6244087,6.386e+05
13990,6000000,2.900e+06
27549,6000000,8.693e+05
59728,6000000,3.996e+05
58882,134005,1.332e+06
13827,6000000,6.950e+04
97614,12000000,6.635e+04
837,5952000,2.120e+06
1555,5300000,3.898e+06
244783,6000000,3.225e+04
16564,4000000,5.300e+05
3482,5800000,6.800e+06
8982,6000000,2.717e+07
455,3500159,7.658e+07
14351,5800000,7.000e+06
10664,5600000,1.847e+07
9277,5500000,1.596e+08
9443,5500000,5.897e+07
11901,5500000,1.570e+07
33155,5500000,4.865e+06
321,4361898,3.032e+06
4997,5000000,2.466e+06
925,6500000,3.730e+07
7913,2200000,1.150e+07
230266,5500000,5.000e+06
215,4000000,1.529e+08
333371,15000000,1.083e+08
9012,5000000,6.428e+07
345911,4900000,4.411e+07
72571,5000000,2.057e+08
242512,5000000,1.036e+08
10072,5000000,4.479e+07
211954,5500000,9.907e+07
82990,5000000,1.428e+08
29912,4100000,3.600e+07
11843,5000000,4.183e+07
11284,11000000,3.487e+07
504,8000000,6.038e+07
173,5000000,2.820e+07
227348,5000000,8.636e+07
1955,5000000,2.601e+07
152532,5000000,5.520e+07
243940,3300000,6.411e+07
77,9000000,3.972e+07
157547,5000000,4.403e+07
2295,5000000,2.689e+07
71,5000000,1.100e+08
147773,4600000,2.320e+07
24266,3500000,2.066e+07
59968,10000000,1.727e+07
323677,5000000,2.480e+07
256274,5000000,4.010e+07
284293,5000000,4.388e+07
24973,5000000,1.500e+07
21610,5000000,1.991e+07
10283,5000000,1.400e+07
8346,5000000,3.687e+08
122081,5000000,3.172e+07
10987,5000000,1.512e+07
1391,5000000,3.362e+07
747,4000000,3.004e+07
26748,5000000,1.327e+07
11357,5000000,1.777e+07
14854,5000000,1.223e+07
50357,5000000,2.556e+07
13090,5000000,1.617e+07
192141,5000000,5.442e+07
29996,5000000,1.220e+07
351819,20000000,2.116e+07
22649,4,2.500e+01
11042,8000000,3.432e+06
17339,5000000,7.230e+06
335,5000000,5.322e+06
15745,5000000,5.476e+06
17431,5000000,9.760e+06
78394,5000000,4.074e+06
10217,5000000,3.264e+06
46332,4000000,4.142e+07
13996,5000000,4.041e+06
1024,5000000,3.049e+06
343795,5000000,4.843e+06
45658,5000000,2.615e+06
16148,5000000,1.980e+06
4553,5000000,8.203e+06
245916,5000000,2.451e+06
27585,5000000,5.129e+06
1415,5000000,7.429e+05
313922,5000000,3.220e+06
199933,5000000,8.467e+05
13685,7000000,5.601e+05
46838,5000000,5.477e+06
298312,5000000,9.845e+07
11600,5000000,7.821e+05
31175,5000000,1.787e+07
12498,1000000,2.448e+07
77949,4798235,2.097e+05
1690,4800000,8.058e+07
64720,5000000,3.099e+06
16337,4700000,8.026e+06
11577,4638783,1.100e+07
77987,4800000,1.034e+07
9336,4500000,1.462e+08
5689,4500000,5.885e+07
712,6000000,2.547e+08
13342,4500000,2.709e+07
10339,4500000,1.040e+07
1429,15000000,1.306e+07
9303,4500000,7.011e+06
641,4500000,7.390e+06
252680,5000000,1.043e+07
141,6000000,1.271e+06
39800,4500000,7.448e+05
36419,4500000,3.606e+06
510,3000000,1.090e+08
375290,4500000,3.200e+07
116613,3730500,6.294e+06
1088,8000000,4.140e+07
3040,4200000,3.200e+07
11386,3705538,6.255e+07
10246,4000000,1.257e+08
10331,114000,3.000e+07
153,4000000,1.197e+08
703,4000000,3.825e+07
27191,4000000,3.600e+07
1365,4000000,4.491e+07
287424,4000000,1.871e+05
451,3600000,4.980e+07
241251,4000000,5.243e+07
40494,4000000,1.440e+07
39781,3500000,3.471e+07
8337,4000000,1.301e+07
5925,4000000,1.174e+07
146203,5000000,1.518e+07
85350,4000000,4.435e+07
512,4000000,3.158e+07
13408,7000000,1.023e+07
47816,6000000,9.000e+06
11536,4000000,8.200e+06
2370,4000000,6.000e+06
9809,4000000,4.630e+06
5,4000000,4.300e+06
11013,4000000,9.305e+06
10132,4000000,3.469e+06
8141,4000000,2.427e+06
48572,4000000,1.105e+06
14517,4000000,8.670e+05
157847,4000000,2.365e+06
25719,3000000,3.022e+05
48309,1300000,3.547e+05
44945,9500000,1.200e+05
111190,16000000,3.190e+05
54580,4000000,1.464e+05
52015,650000,3.324e+04
60422,4000000,3.557e+05
81390,4000000,2.534e+07
22301,3950000,8.000e+06
874,3900000,2.835e+07
10774,3800000,2.369e+07
770,4000000,4.002e+08
29715,3800000,1.487e+04
25209,3768785,8.000e+06
37495,967686,4.270e+06
34769,3500000,4.446e+04
35032,3700000,2.956e+06
8618,4000000,1.340e+07
3116,3600000,4.479e+07
9427,3500000,2.579e+08
813,3500000,8.345e+07
10634,3500000,2.822e+07
9516,3500000,2.790e+07
16288,3500000,1.400e+07
23330,3716946,5.000e+06
18900,3500000,1.301e+07
27029,3500000,1.280e+07
26268,3500000,1.200e+07
573,3500000,1.260e+07
310131,3500000,4.042e+07
11363,3500000,9.483e+06
3033,10000000,6.452e+06
25376,2000000,3.397e+07
765,3600000,5.923e+06
46146,3500000,4.160e+06
14256,3500000,1.138e+05
12535,3400000,3.106e+07
1667,8000000,1.274e+08
50839,3500000,1.950e+07
13973,3000000,3.830e+06
244786,3300000,1.309e+07
598,3300000,3.064e+07
11129,600000,4.000e+06
103663,3800000,1.680e+07
301748,3300000,4.500e+04
108346,2000000,7.000e+00
805,3200000,3.340e+07
11697,3200000,8.000e+06
55347,3200000,5.333e+06
8469,2700000,1.410e+08
658,2500000,1.249e+08
1585,3180000,9.644e+06
627,4000000,1.649e+07
41436,3000000,1.775e+08
1430,4000000,3.556e+07
10014,3000000,3.000e+07
11257,3000000,2.097e+07
158015,3000000,8.933e+07
82507,3000000,7.771e+07
20337,3000000,1.918e+07
261,3000000,1.757e+07
1685,3000000,1.900e+07
20737,3000000,2.314e+07
10991,16000000,6.841e+07
10225,3000000,1.947e+07
826,3000000,3.330e+07
34086,3000000,1.537e+07
5854,2000000,7.900e+06
284,3000000,2.500e+07
10285,3000000,1.594e+07
5780,3000000,1.300e+07
292,3000000,1.172e+07
22013,3000000,1.040e+07
821,3000000,1.000e+07
3089,3000000,9.012e+06
132344,3000000,1.118e+07
15158,3000000,7.283e+06
44634,3000000,6.804e+06
10557,3800000,2.820e+07
28005,3000000,4.109e+06
252,3000000,4.000e+06
18892,3000000,3.077e+06
549,2962051,3.011e+06
868,3000000,9.880e+06
10683,3000000,2.807e+06
246403,2800000,1.827e+06
670,3000000,1.498e+07
49010,3000000,7.485e+05
24469,3000000,2.358e+06
84174,3000000,1.195e+07
38541,3000000,2.200e+04
234212,3000000,3.387e+06
26039,2500000,3.200e+06
666,2900000,5.597e+06
248,2900000,5.000e+06
43942,3000000,1.037e+05
10476,8000000,2.356e+07
239,2883848,2.500e+07
10281,2800000,1.917e+07
630,2777000,3.375e+07
3034,2800000,8.627e+07
13025,2000000,5.365e+06
17264,2700000,3.780e+07
15875,2686000,6.600e+06
43306,2627000,5.363e+06
11072,2600000,1.195e+08
9730,2600000,3.298e+07
209274,2159280,1.070e+07
291,2600000,3.166e+06
14139,2600000,5.532e+05
872,2540800,7.200e+06
139038,2500000,6.014e+07
126509,2500000,3.340e+07
10676,2500000,1.440e+07
1687,2500000,1.235e+07
24748,2500000,1.000e+07
401,2500000,2.678e+07
76,2500000,5.535e+06
84329,2500000,3.325e+06
157386,2500000,6.855e+06
46849,2500000,7.190e+04
20764,2500000,1.076e+05
45132,2500000,3.241e+05
49471,2400000,5.731e+06
7512,30000000,4.953e+05
11798,2380000,8.177e+06
43546,2361000,6.892e+06
17820,2300000,1.100e+07
756,2280000,8.332e+07
9728,4000000,3.669e+07
9731,2200000,2.193e+07
43610,2160000,9.132e+06
887,2100000,2.365e+07
364083,2100000,3.330e+03
8329,1500000,3.045e+07
657,2000000,7.890e+07
11561,2000000,1.834e+07
270303,2000000,1.467e+07
11624,2000000,1.802e+07
595,2000000,1.313e+07
8810,2000000,2.460e+07
226,2000000,1.154e+07
92182,2000000,1.310e+07
582,2000000,7.000e+07
72213,1000000,3.452e+07
990,2000000,7.600e+06
55604,2000000,9.172e+06
9662,8000000,1.478e+06
80,2700000,1.599e+07
55,2000000,2.091e+07
11023,2000000,4.601e+06
33667,2000000,7.800e+06
39013,2000000,1.383e+07
43839,2000000,4.000e+06
44639,2000000,7.872e+06
301351,6000000,1.112e+07
7873,2000000,5.967e+06
331190,2000000,2.802e+06
15186,2000000,2.506e+06
1378,2000000,5.179e+06
8885,2000000,1.113e+07
48382,2000000,1.673e+06
12901,2000000,1.432e+06
250124,2000000,1.477e+06
12228,2000000,6.536e+05
42889,2000000,5.637e+05
10656,2000000,3.907e+05
24746,2000000,1.245e+05
12109,2000000,1.206e+05
27023,3800000,1.117e+05
273899,13500000,1.877e+05
20653,7000000,1.100e+06
28260,2000000,5.421e+04
13075,2000000,6.228e+05
115210,100000,9.500e+04
11302,2000000,1.183e+07
26388,1987650,1.915e+07
38358,1800000,6.774e+07
702,1800000,8.000e+06
935,1800000,9.440e+06
84175,1800000,2.111e+07
1705,1700000,8.845e+06
50875,2000000,8.417e+05
4929,1800000,6.800e+06
104,1530000,7.268e+06
10894,500000,1.503e+05
1688,1700000,9.700e+06
43947,2000000,5.728e+05
24066,1700000,1.944e+06
191714,1000000,4.235e+06
34106,1644736,7.433e+06
11426,1650000,3.050e+07
13909,1600000,5.400e+06
592,1600000,4.420e+06
10758,2000000,2.218e+07
11690,1500000,1.181e+07
3083,1500000,9.600e+06
9344,1500000,7.412e+06
10707,1500000,1.110e+07
15647,1000000,1.001e+07
4174,1500000,7.000e+06
9464,1500000,2.375e+06
49018,1500000,9.701e+07
13820,1500000,2.300e+06
17113,1500000,7.123e+05
129139,1500000,3.566e+06
507,1500000,4.190e+05
4012,1500000,4.169e+05
10972,1500000,3.740e+05
3082,1,8.500e+06
1961,1500000,1.731e+05
23963,1500000,3.200e+04
104755,1500000,1.166e+06
408,1488423,1.849e+08
39209,1455000,2.620e+06
100,1350000,3.898e+06
25784,1300000,6.390e+05
223,1288000,6.000e+06
9725,1250000,2.172e+07
28580,1250000,1.100e+07
23730,1250000,3.412e+06
19997,1250000,8.500e+06
43266,1250000,6.000e+06
176,1200000,1.039e+08
39939,3000000,1.849e+07
11219,1200000,7.000e+06
176124,1200000,2.861e+06
500,1200000,1.466e+07
429,1200000,6.000e+06
89750,900000,2.500e+04
43884,1200000,2.736e+06
13064,2600000,2.850e+06
7553,3000000,1.864e+07
39895,1100000,1.400e+06
94329,1100000,4.105e+06
289,878000,1.046e+07
1366,1000000,1.172e+08
5769,1000000,3.760e+07
277685,1000000,6.288e+07
103,1300000,2.826e+07
11298,1000000,1.799e+07
646,950000,5.960e+07
9003,1000000,1.456e+07
347126,5000000,2.351e+07
10092,1000000,1.005e+07
10643,1000000,1.004e+07
46705,3500000,1.657e+07
546,1000000,1.335e+07
76487,1000000,1.018e+08
5722,2090000,4.000e+07
39833,1000000,9.000e+06
1781,1000000,4.624e+07
18712,1000000,7.800e+06
171424,5000000,6.833e+06
113947,1000000,9.138e+06
32456,1000000,2.057e+06
13508,1000000,1.679e+06
22597,1000000,1.745e+06
26791,1000000,8.522e+05
56666,1000000,6.238e+05
46989,1000000,4.640e+05
123678,1000000,4.446e+05
13362,1000000,2.747e+05
18206,1000000,1.002e+04
13856,1000000,7.202e+03
29146,950000,8.147e+05
654,910000,9.600e+06
91070,930000,3.090e+04
2009,852510,1.186e+06
2652,950000,7.022e+06
9813,900000,3.814e+05
3170,858000,2.674e+08
15708,850000,8.199e+05
84200,850000,1.244e+06
47889,800000,1.001e+06
25461,800000,2.816e+06
26899,800000,6.285e+04
14451,800000,1.985e+06
838,777000,1.400e+08
84332,750000,4.008e+06
74725,500000,1.718e+05
58428,750000,7.840e+04
288,730000,8.000e+06
14275,700000,7.831e+06
18734,700000,1.667e+06
7859,700000,4.912e+06
302579,700000,1.051e+04
3080,609000,3.202e+06
2667,60000,2.480e+08
9459,600000,3.451e+07
704,560000,1.230e+07
14438,500000,3.346e+07
83,130000,5.467e+07
30315,500000,1.700e+07
2056,500000,8.680e+06
14271,2053648,5.000e+05
84401,500000,8.452e+05
12281,500000,6.039e+05
346,2000000,2.718e+05
45649,500000,9.802e+04
43933,500000,4.243e+06
15624,450000,9.735e+05
3062,439000,2.281e+06
8193,400000,4.612e+07
23827,15000,1.934e+08
762,400000,5.029e+06
1435,218,1.162e+06
9029,35000000,1.700e+08
11240,860000,2.452e+06
3059,385907,8.395e+06
65203,379000,4.358e+06
764,350000,2.940e+07
103620,6000000,3.108e+04
14278,300000,1.750e+06
389,350000,1.000e+06
3078,325000,4.500e+06
21525,300000,7.809e+06
55123,312000,1.281e+06
11980,8,1.600e+01
73981,300000,2.074e+06
118452,300000,4.054e+04
13282,300000,8.000e+06
2255,250000,1.202e+07
50035,250000,4.187e+06
431,250000,5.018e+05
51942,250,2.030e+02
60420,250000,3.542e+06
109729,250000,5.682e+04
3060,245000,2.200e+07
18533,230000,2.261e+06
139948,225000,1.113e+05
70478,100000,2.700e+07
35073,210000,5.000e+06
9659,400000,1.000e+08
10218,200000,4.506e+06
391,200000,1.450e+07
43595,200000,2.200e+06
54897,200000,2.296e+06
21334,180000,9.000e+05
79120,8000,4.699e+05
55420,100000,1.777e+06
5822,150000,1.520e+07
39141,150000,2.891e+06
5723,160000,2.071e+07
1779,160000,6.706e+06
84355,125000,3.200e+06
339408,8500000,1.586e+07
18925,100000,1.018e+07
299245,100000,4.266e+07
985,10000,7.000e+06
473,60000,3.221e+06
9372,65000,2.858e+07
47607,65000,4.165e+05
242095,4000000,6.009e+05
42151,31192,1.000e+04
2292,27000,3.151e+06
692,12000,6.000e+06
36095,20000,9.900e+04
14337,7000,4.248e+05
9367,220000,2.041e+06
